date,전체,전체 4주 이동평균,한식 음식점업,외국식 음식점업,제과점업 등 기타 음식점업,주점업,전체_salesamount,전체 4주 이동평균_salesamount,한식 음식점업_salesamount,외국식 음식점업_salesamount,제과점업 등 기타 음식점업_salesamount,주점업_salesamount,전체_spendcount,전체 4주 이동평균_spendcount,남성,여성,20대 이하,30대 ,40대 ,50대 ,60대 ,70대 이상,전체_spendamount,전체 4주 이동평균_spendamount,남성_spendamount,여성_spendamount,20대 이하_spendamount,30대 _spendamount,40대 _spendamount,50대 _spendamount,60대 _spendamount,70대 이상_spendamount,year,month,week,season
2020-01-10,1.2,1.2,3.0,3.7,-0.4,4.3,0.5,0.5,2.0,2.5,-1.1,3.9,-0.6,-0.6,-1.3,-0.1,-0.9,-0.9,-0.5,2.0,3.4,4.1,-1.7,-1.7,-2.4,-1.1,-2.0,-2.0,-1.3,0.9,3.3,2.8,2020,1,2,winter
2020-01-17,1.3,1.3,3.1,5.4,-0.5,-0.3,0.7,0.6,2.5,4.4,-1.3,-1.0,0.7,0.0,0.1,1.1,0.3,0.3,1.2,3.1,2.7,3.7,0.0,-0.8,-0.5,0.5,-0.5,-0.1,0.4,2.1,2.1,5.1,2020,1,3,winter
2020-01-24,0.7,1.1,2.1,2.6,-0.7,-1.2,1.1,0.8,2.3,3.2,-0.4,-0.5,0.7,0.2,1.7,-0.3,-0.5,1.6,0.8,1.0,-0.6,-3.5,1.2,-0.1,2.4,0.3,0.1,2.1,1.3,1.5,0.5,-3.0,2020,1,4,winter
2020-01-31,-3.2,0.0,-8.1,-11.7,1.6,-2.8,-2.3,0.0,-6.7,-10.1,2.8,-2.4,-0.7,0.0,-0.6,-0.8,1.1,-1.0,-1.5,-6.1,-5.5,-4.2,0.4,0.0,0.5,0.3,2.4,0.0,-0.4,-4.6,-5.9,-4.9,2020,1,5,winter
2020-02-07,10.8,2.4,8.3,10.1,12.6,5.5,11.6,2.8,9.6,11.5,13.2,6.2,25.1,6.4,23.0,26.9,26.2,25.0,24.0,22.6,23.6,14.0,26.5,7.1,24.5,28.2,27.4,26.5,25.9,24.4,25.5,16.6,2020,2,6,winter
2020-02-14,10.6,4.7,8.8,10.0,11.8,7.1,11.3,5.4,9.6,11.6,12.4,7.9,26.4,12.9,25.1,27.4,26.9,25.3,28.0,24.9,24.8,21.6,27.6,13.9,26.1,28.9,27.7,26.6,29.7,27.0,26.8,23.2,2020,2,7,winter
2020-02-21,11.1,7.3,12.2,10.3,10.9,7.6,11.8,8.1,13.1,11.9,11.3,8.2,27.5,19.6,27.2,27.8,28.8,26.3,28.3,26.2,28.6,19.9,29.2,20.9,28.8,29.5,30.0,28.0,30.2,28.5,31.1,18.3,2020,2,8,winter
2020-02-28,24.8,14.3,24.2,18.6,26.1,20.1,28.0,15.7,28.7,24.3,28.4,23.0,43.9,30.7,42.0,45.5,45.6,41.4,45.2,46.2,43.1,41.9,49.0,33.1,47.1,50.7,50.0,46.2,51.9,53.7,51.0,47.5,2020,2,9,winter
2020-03-06,28.6,18.8,28.5,24.9,28.4,24.8,32.5,20.9,33.8,31.6,31.0,29.0,41.8,34.9,39.6,43.7,44.0,38.2,43.7,47.8,43.2,44.8,47.4,38.3,45.5,49.1,48.8,43.5,50.8,56.4,51.9,51.9,2020,3,10,spring
2020-03-13,29.0,23.4,28.6,28.3,28.6,26.3,32.5,26.2,33.5,35.0,30.4,30.0,44.1,39.3,42.2,45.8,46.0,40.0,47.5,50.1,45.9,48.7,48.8,43.6,46.7,50.5,49.5,44.2,54.2,57.9,54.4,57.3,2020,3,11,spring
2020-03-20,27.9,27.6,28.0,27.0,26.8,24.4,30.4,30.8,32.2,33.2,27.8,27.1,44.5,43.6,42.8,46.0,44.8,41.1,49.1,50.6,47.7,45.7,48.1,48.3,46.6,49.4,46.9,44.5,54.8,57.5,53.9,47.2,2020,3,12,spring
2020-03-27,26.6,28.0,27.3,27.4,25.4,21.7,29.7,31.3,32.2,33.9,26.6,24.9,43.9,43.6,42.2,45.5,42.2,40.9,51.2,51.7,45.7,54.5,49.1,48.4,47.2,50.6,45.6,45.7,58.4,59.9,54.2,65.3,2020,3,13,spring
2020-04-03,28.3,28.0,29.2,30.4,26.3,25.5,31.6,31.1,34.2,37.4,27.6,29.0,42.2,43.7,40.7,43.4,41.8,38.0,49.1,50.9,43.6,53.9,46.8,48.2,45.3,48.0,44.6,42.5,55.6,58.5,50.7,62.9,2020,4,14,spring
2020-04-10,24.5,26.8,24.7,24.5,23.4,22.0,27.5,29.8,29.3,31.0,24.5,25.9,33.5,41.0,33.6,33.5,35.1,28.7,37.9,43.2,38.1,49.9,36.8,45.2,36.7,37.0,36.9,32.2,42.7,48.7,43.7,54.7,2020,4,15,spring
2020-04-17,28.8,27.0,27.5,33.9,26.9,25.4,31.7,30.1,31.4,41.4,28.2,29.5,40.0,39.9,41.2,38.9,40.5,34.5,47.1,51.8,45.3,52.0,43.8,44.1,45.1,42.8,42.9,38.0,52.8,58.8,51.4,59.1,2020,4,16,spring
2020-04-24,21.3,25.7,21.6,24.5,18.7,19.2,22.6,28.4,23.7,29.4,18.9,21.6,32.7,37.1,32.9,32.5,35.2,25.5,39.2,46.4,40.4,54.4,34.2,40.4,34.5,33.9,35.8,26.9,41.6,50.1,43.2,54.7,2020,4,17,spring
2020-05-01,24.7,24.8,25.9,29.4,21.4,18.8,27.5,27.3,29.3,36.2,22.8,22.8,35.4,35.4,37.7,33.3,35.6,30.2,42.5,46.9,41.2,52.6,39.6,38.6,42.3,37.4,38.4,34.0,48.6,54.2,49.9,60.7,2020,5,18,spring
2020-05-08,23.4,24.5,26.4,22.9,20.9,21.4,27.3,27.3,31.3,30.8,23.1,26.1,28.7,34.2,30.1,27.6,31.2,21.5,36.0,40.7,31.2,43.7,34.1,37.9,35.2,33.2,34.5,26.8,44.1,48.5,40.1,54.5,2020,5,19,spring
2020-05-15,20.2,22.4,21.2,20.5,18.4,18.6,21.2,24.7,22.4,24.8,18.4,21.4,27.8,31.1,27.6,27.9,30.8,19.8,35.0,41.0,33.6,35.0,29.0,34.2,28.9,29.2,31.0,21.1,37.4,44.3,37.7,40.0,2020,5,20,spring
2020-05-22,7.9,19.0,9.6,8.9,5.0,5.5,8.2,21.1,9.5,12.3,4.8,7.3,14.1,26.5,14.8,13.5,18.3,5.1,21.3,26.6,23.0,25.9,15.1,29.5,16.2,14.2,18.5,6.2,23.4,29.2,26.0,30.8,2020,5,21,spring
2020-05-29,10.4,15.5,12.1,10.7,8.1,5.5,10.5,16.8,12.1,13.6,7.4,7.5,17.4,22.0,17.7,17.2,20.7,9.7,24.5,28.0,21.1,33.7,18.2,24.1,18.8,17.7,20.8,10.2,26.4,30.7,23.9,35.5,2020,5,22,spring
2020-06-05,18.5,14.3,22.3,20.8,13.8,12.9,19.2,14.8,23.0,24.8,13.5,15.4,21.4,20.2,21.1,21.7,25.8,13.4,27.2,31.7,25.3,29.9,22.6,21.2,22.6,22.6,25.7,14.8,29.8,34.7,29.4,37.4,2020,6,23,summer
2020-06-12,26.4,15.8,31.1,26.6,21.4,19.9,27.5,16.3,32.1,30.3,21.7,23.0,28.8,20.4,28.2,29.2,33.5,19.9,35.2,40.8,33.2,34.1,29.9,21.4,29.4,30.3,33.2,21.4,37.7,43.7,36.7,43.3,2020,6,24,summer
2020-06-19,32.0,21.9,38.4,31.4,25.9,27.3,32.6,22.4,39.2,34.9,25.4,30.0,33.8,25.4,32.7,34.8,37.4,24.7,42.4,47.5,35.2,47.9,34.9,26.4,33.8,35.8,36.8,26.1,44.9,50.8,39.4,53.1,2020,6,25,summer
2020-06-26,34.0,27.7,41.0,34.2,27.5,29.3,34.9,28.5,42.1,38.0,27.3,32.1,36.6,30.1,34.4,38.5,40.3,27.6,44.7,50.4,41.3,40.3,38.2,31.4,36.2,39.9,40.3,29.7,47.6,53.6,47.1,47.3,2020,6,26,summer
2020-07-03,34.3,31.7,39.9,36.2,27.7,32.7,35.6,32.6,41.2,40.3,28.5,36.4,33.5,33.2,32.1,34.7,37.4,25.2,40.5,45.4,37.3,46.0,35.3,34.6,34.1,36.4,38.0,27.2,43.5,48.6,42.9,53.7,2020,7,27,summer
2020-07-10,34.1,33.6,39.0,36.0,28.0,29.7,35.4,34.6,40.1,40.2,28.9,32.5,29.9,33.4,28.9,30.8,33.0,21.9,37.9,40.3,33.1,37.3,31.7,35.0,31.0,32.3,33.5,24.1,40.7,43.9,37.6,43.8,2020,7,28,summer
2020-07-17,39.9,35.6,42.3,35.4,38.2,33.2,41.5,36.8,44.2,39.7,39.1,36.7,35.7,33.9,34.0,37.2,37.2,28.2,45.1,47.7,40.0,46.4,38.1,35.8,36.6,39.3,38.4,30.7,48.4,52.0,46.3,53.1,2020,7,29,summer
2020-07-24,40.3,37.1,46.9,39.9,34.3,37.8,42.1,38.6,49.3,44.8,34.6,42.7,38.3,34.4,36.4,40.1,38.9,31.1,49.0,49.8,43.5,49.3,39.9,36.3,37.8,41.7,38.8,33.1,51.4,53.3,46.1,53.3,2020,7,30,summer
2020-07-31,41.5,38.9,48.1,39.6,35.7,37.6,43.9,40.7,51.1,44.6,37.0,41.9,44.7,37.2,41.0,47.9,42.4,38.0,58.5,59.5,49.1,55.3,47.4,39.3,43.9,50.5,43.3,41.1,62.1,63.8,55.1,58.6,2020,7,31,summer
2020-08-07,51.6,43.3,59.0,51.2,43.8,50.6,55.8,45.8,64.6,59.5,45.9,57.1,70.2,47.2,67.7,72.3,71.4,61.4,81.6,87.1,75.3,82.3,73.9,49.8,72.0,75.5,72.9,65.5,87.0,93.2,82.7,91.9,2020,8,32,summer
2020-08-14,50.9,46.1,55.5,47.3,46.1,48.6,54.1,49.0,60.2,54.6,47.6,53.8,76.3,57.4,73.2,79.0,79.9,66.2,86.5,91.9,80.0,83.1,79.0,60.1,76.3,81.3,80.2,69.2,91.8,97.1,87.3,85.8,2020,8,33,summer
2020-08-21,65.0,52.2,71.5,63.4,57.1,54.9,70.3,56.0,79.4,74.7,59.4,61.7,92.5,70.9,87.7,96.7,94.8,81.0,106.0,113.4,101.7,109.3,98.5,74.7,93.5,102.6,97.5,87.0,115.5,124.7,113.1,123.7,2020,8,34,summer
2020-08-28,77.4,61.2,85.1,80.0,65.6,69.9,84.7,66.2,96.2,96.1,68.5,79.1,106.2,86.3,98.9,112.6,110.2,93.1,120.2,127.1,112.8,115.8,115.3,91.7,108.2,121.3,116.7,101.8,132.6,142.3,128.1,133.2,2020,8,35,summer
2020-09-04,88.9,70.5,99.2,96.1,72.5,90.1,98.7,77.0,114.4,117.2,75.9,102.5,117.6,98.1,109.1,125.1,126.3,101.5,129.5,138.3,123.7,137.9,126.4,104.8,119.8,131.9,135.0,109.1,139.2,153.7,140.6,157.5,2020,9,36,autumn
2020-09-11,82.6,78.5,90.0,88.1,70.2,89.7,91.3,86.3,103.5,106.8,73.2,101.6,105.8,105.5,101.3,109.7,117.7,88.9,114.1,125.9,107.7,116.1,113.7,113.4,110.4,116.5,125.8,96.0,122.8,138.2,120.8,128.7,2020,9,37,autumn
2020-09-18,68.7,79.4,74.3,82.2,55.9,72.1,74.5,87.3,83.0,97.0,57.4,80.5,85.4,103.8,82.2,88.2,94.5,70.5,94.6,105.5,88.1,99.3,93.1,112.1,90.1,95.6,100.1,78.5,104.4,117.3,102.4,112.8,2020,9,38,autumn
2020-09-25,59.5,74.9,63.6,72.7,48.7,58.4,63.5,82.0,69.4,83.6,50.0,64.3,73.6,95.6,70.2,76.7,79.7,61.3,83.0,92.6,78.7,88.1,79.9,103.2,76.8,82.5,84.0,67.9,91.1,102.1,89.8,101.9,2020,9,39,autumn
2020-10-02,60.0,67.7,60.0,64.7,51.1,73.6,70.2,74.9,73.3,83.8,57.6,87.0,73.8,84.7,74.6,73.0,78.5,63.2,83.7,87.9,67.6,75.5,86.9,93.4,88.6,85.4,89.2,75.7,100.5,106.5,85.3,96.7,2020,10,40,autumn
2020-10-09,65.7,63.4,63.2,87.8,55.3,64.7,69.5,69.4,68.7,100.0,56.8,70.7,73.7,76.6,71.4,75.7,80.9,60.6,85.2,85.2,67.6,73.9,78.7,84.7,76.7,80.4,83.2,66.1,92.9,94.6,76.8,82.0,2020,10,41,autumn
2020-10-16,61.5,61.6,63.7,79.7,50.3,62.6,63.8,66.7,67.4,87.3,50.6,67.4,68.6,72.4,65.6,71.3,76.3,55.5,77.8,84.3,70.6,85.0,72.5,79.5,69.9,74.6,78.0,59.9,83.5,91.0,78.9,91.3,2020,10,42,autumn
2020-10-23,61.7,62.2,63.4,76.3,52.5,59.9,64.0,66.9,67.5,83.9,52.6,64.7,70.3,71.6,67.8,72.4,76.7,56.8,80.4,93.8,74.2,79.9,73.2,77.8,71.0,75.1,77.0,60.6,85.4,99.3,81.4,87.0,2020,10,43,autumn
2020-10-30,61.1,62.5,66.5,73.0,50.2,61.1,63.7,65.3,71.0,81.2,50.3,66.0,70.7,70.8,67.2,73.8,74.5,58.8,82.0,93.5,77.4,86.4,74.0,74.6,71.2,76.3,75.5,62.8,86.8,99.1,84.4,98.7,2020,10,44,autumn
2020-11-06,66.3,62.6,74.2,76.6,54.1,70.3,69.7,65.3,79.5,85.2,54.8,76.7,67.5,69.3,64.7,70.0,72.5,55.1,78.5,89.5,73.0,80.7,72.1,72.9,70.0,73.8,74.8,60.0,85.0,96.9,82.5,91.9,2020,11,45,autumn
2020-11-13,67.0,64.0,73.8,75.6,56.4,66.7,70.3,66.9,79.4,84.2,56.9,72.7,66.2,68.7,64.7,67.6,70.7,54.1,77.2,88.9,71.3,74.6,70.8,72.5,69.8,71.7,72.8,59.3,83.7,96.7,80.7,84.6,2020,11,46,autumn
2020-11-20,73.5,67.0,78.7,85.2,62.2,74.8,77.2,70.2,84.9,95.2,62.8,82.0,76.7,70.3,73.8,79.3,80.6,63.5,90.2,101.1,83.5,93.3,79.8,74.2,77.9,81.5,81.3,67.1,95.3,108.0,91.0,104.2,2020,11,47,autumn
2020-11-27,89.4,74.1,98.2,98.3,75.4,96.8,96.5,78.4,109.9,113.9,77.4,107.5,90.8,75.3,86.4,94.7,94.5,76.0,107.0,119.7,97.8,109.2,98.5,80.3,95.5,101.1,100.3,83.7,116.1,132.4,111.4,121.1,2020,11,48,autumn
2020-12-04,106.3,84.1,116.7,115.4,88.2,121.0,116.6,90.2,133.2,136.2,92.1,136.1,101.1,83.7,96.3,105.4,107.9,82.2,118.8,135.2,108.4,117.3,112.9,90.5,109.4,115.8,117.6,93.4,133.5,152.9,124.9,133.2,2020,12,49,winter
2020-12-11,111.8,95.3,122.6,122.2,90.8,132.9,122.1,103.1,140.1,143.8,94.6,149.7,102.5,92.8,99.4,105.2,114.6,82.4,114.5,131.3,104.2,122.5,113.3,101.1,112.1,114.3,123.4,93.2,128.5,146.9,118.7,137.0,2020,12,50,winter
2020-12-18,124.8,108.1,138.4,138.6,100.1,153.6,137.9,118.3,158.5,165.7,105.4,174.4,113.8,102.1,110.8,116.5,126.2,92.5,127.2,146.1,115.6,135.3,128.5,113.3,127.5,129.4,139.9,106.0,145.1,166.8,136.7,154.0,2020,12,51,winter
2020-12-25,137.3,120.1,148.8,151.1,112.8,188.7,159.5,134.0,181.1,194.3,122.1,223.1,127.4,111.2,124.9,129.6,133.3,106.2,151.0,163.4,138.4,158.3,151.8,126.6,150.7,152.8,155.1,128.0,181.0,198.5,173.9,196.2,2020,12,52,winter
2021-01-01,124.1,124.5,142.3,124.4,96.8,201.3,144.8,141.1,172.7,160.8,105.8,238.1,138.1,120.5,136.5,139.5,127.5,120.5,174.7,201.9,178.1,186.9,165.6,139.8,166.1,165.2,149.2,144.5,209.8,250.6,225.8,230.1,2021,1,53,winter
2021-01-08,107.0,123.3,122.0,115.2,79.1,176.7,121.4,140.9,143.3,143.2,84.9,201.9,99.0,119.6,96.0,101.6,74.0,87.1,143.9,180.9,160.4,174.3,117.5,140.9,116.4,118.5,86.7,101.7,169.1,218.6,197.7,198.9,2021,1,1,winter
2021-01-15,122.7,122.8,135.8,131.8,95.7,183.0,138.7,141.1,159.1,162.7,102.9,208.9,117.4,120.5,113.0,121.3,90.6,103.5,167.3,208.0,184.3,190.4,137.5,143.1,134.7,139.8,104.5,119.4,194.6,248.2,222.8,232.3,2021,1,2,winter
2021-01-22,124.2,119.5,138.9,130.2,96.9,188.6,138.5,135.9,159.9,158.8,102.9,212.9,118.6,118.3,115.3,121.6,89.2,107.0,168.6,208.3,187.3,198.2,137.6,139.5,135.9,139.0,101.5,122.4,194.2,246.2,221.0,242.3,2021,1,3,winter
2021-01-29,126.1,120.0,140.5,130.1,100.2,188.4,139.4,134.5,160.3,157.6,105.3,212.3,119.7,113.7,116.1,122.9,88.1,108.5,172.4,210.2,191.1,198.7,137.3,132.4,135.2,139.0,98.9,122.8,196.3,245.2,226.5,231.4,2021,1,4,winter
2021-02-05,124.1,124.3,138.5,128.2,98.2,186.9,137.0,138.4,157.5,154.8,103.4,209.3,145.2,125.2,140.9,149.0,112.6,132.5,201.0,242.3,220.1,236.1,163.5,143.9,161.7,165.0,124.2,147.2,225.8,278.9,253.6,265.5,2021,2,5,winter
2021-02-12,119.4,123.4,134.7,113.8,91.7,196.1,137.6,138.1,160.3,145.2,101.4,227.1,145.7,132.3,147.8,143.8,114.2,134.3,199.7,234.4,207.7,199.5,170.9,152.3,177.2,165.5,132.0,154.6,234.0,281.9,250.8,245.2,2021,2,6,winter
2021-02-19,116.7,121.6,121.5,125.2,94.7,168.8,128.9,135.7,137.2,152.0,101.4,189.3,142.7,138.3,137.4,147.3,114.1,128.0,199.5,226.0,200.5,208.5,160.8,158.1,157.6,163.5,126.1,142.1,224.3,263.3,235.2,237.9,2021,2,7,winter
2021-02-26,122.2,120.6,133.4,132.5,96.8,166.3,133.5,134.3,148.9,158.5,101.7,184.6,149.7,145.8,144.4,154.3,115.5,137.6,208.9,239.6,227.2,217.5,167.1,165.5,163.1,170.4,125.2,151.7,233.2,275.3,262.6,242.5,2021,2,8,winter
2021-03-05,131.8,122.5,146.0,138.3,103.8,183.7,144.1,136.0,163.5,164.9,109.2,204.9,153.2,147.8,152.2,154.1,120.6,140.6,208.4,251.5,229.6,237.3,172.3,167.7,174.0,170.9,131.7,156.2,235.5,289.2,270.2,270.3,2021,3,9,spring
2021-03-12,124.0,123.7,136.4,132.6,98.3,165.6,132.8,134.8,148.8,153.9,101.8,181.8,141.3,146.7,139.5,142.9,112.0,127.4,193.6,238.3,220.7,229.0,155.3,163.9,155.5,155.1,118.9,138.6,214.0,268.3,253.2,258.5,2021,3,10,spring
2021-03-19,125.5,125.9,136.5,132.7,101.4,162.0,133.7,136.0,148.4,153.1,104.6,177.0,143.8,147.0,142.4,145.0,112.9,130.5,197.4,240.3,222.0,229.2,157.0,162.9,158.1,156.0,119.1,141.1,216.7,269.1,255.0,259.3,2021,3,11,spring
2021-03-26,129.7,127.8,136.1,131.0,110.2,163.7,137.7,137.0,147.7,151.6,113.6,179.3,152.2,147.6,150.1,154.1,118.0,138.3,210.6,256.8,239.1,247.3,164.4,162.3,164.9,164.0,123.3,147.9,228.2,284.8,267.4,272.0,2021,3,12,spring
2021-04-02,135.0,128.6,147.2,138.2,110.3,175.2,143.8,137.0,160.2,159.7,113.4,193.1,152.4,147.4,148.9,155.4,116.6,138.3,212.6,261.3,245.9,249.3,166.4,160.8,166.0,166.8,123.7,149.5,232.2,290.9,279.3,273.9,2021,4,13,spring
2021-04-09,137.3,131.9,150.6,137.1,113.5,176.9,145.5,140.2,163.4,158.2,115.7,193.8,144.1,148.1,142.1,145.8,112.4,128.5,200.6,252.4,225.5,236.1,157.1,161.2,158.3,156.2,118.6,139.0,218.9,281.9,256.9,265.2,2021,4,14,spring
2021-04-16,142.1,136.0,156.2,149.1,115.4,182.4,150.3,144.3,169.0,170.4,117.4,199.3,144.6,148.3,142.2,146.7,113.3,128.7,201.6,251.6,229.4,233.2,158.3,161.6,158.8,157.7,119.6,139.9,220.8,281.8,263.0,269.8,2021,4,15,spring
2021-04-23,142.2,139.1,155.8,140.7,118.2,179.7,149.4,147.2,167.4,160.8,119.7,195.6,149.4,147.6,145.7,152.6,115.5,133.0,209.9,263.2,235.8,252.3,163.1,161.2,162.6,163.5,121.0,144.5,229.6,294.2,269.0,284.3,2021,4,16,spring
2021-04-30,146.2,141.9,161.4,145.4,121.8,181.8,154.3,149.9,173.9,166.5,123.9,198.7,155.9,148.5,150.8,160.4,117.7,139.3,223.8,274.3,241.5,263.7,170.4,162.2,168.5,172.0,124.3,150.9,243.7,307.0,274.2,296.3,2021,4,17,spring
2021-05-07,161.8,148.1,181.7,165.8,130.9,206.4,175.7,157.4,202.0,195.4,136.7,229.7,160.7,152.7,159.8,161.6,121.2,144.5,230.0,278.8,247.0,260.4,181.1,168.2,182.8,179.6,130.7,161.2,261.4,320.0,291.8,317.3,2021,5,18,spring
2021-05-14,144.4,148.6,164.8,145.1,114.6,183.3,155.7,158.8,183.8,170.7,116.8,201.3,142.2,152.1,139.5,144.5,109.3,126.1,200.4,254.9,234.9,239.5,160.2,168.7,159.3,160.9,117.4,141.0,227.6,295.0,278.4,275.0,2021,5,19,spring
2021-05-21,164.6,154.2,183.2,166.7,134.4,210.3,174.7,165.1,198.8,190.7,137.0,233.3,168.2,156.8,167.0,169.3,128.7,153.4,234.1,287.8,259.1,266.3,184.3,174.0,186.3,182.6,136.6,165.8,256.6,325.2,300.1,311.1,2021,5,20,spring
2021-05-28,145.1,154.0,163.6,148.2,117.2,180.8,151.5,164.4,173.2,167.0,118.1,195.5,142.8,153.5,138.4,146.6,109.4,128.3,199.6,252.2,229.3,242.1,154.2,169.9,152.5,155.7,113.9,137.2,216.0,280.0,261.1,274.3,2021,5,21,spring
2021-06-04,151.6,151.4,173.8,155.4,119.6,194.0,158.8,160.1,184.6,173.8,121.1,211.8,147.2,150.1,142.6,151.2,111.4,130.1,210.0,270.0,239.7,254.2,159.8,164.6,157.8,161.5,116.7,140.0,227.8,300.8,273.0,287.1,2021,6,22,summer
2021-06-11,155.1,154.1,178.4,158.5,121.3,195.0,162.3,161.8,189.1,177.4,123.0,212.3,150.2,152.1,146.0,153.9,113.8,132.7,213.9,275.3,249.8,271.5,163.2,165.4,161.1,165.0,119.2,143.0,232.0,306.3,285.4,308.1,2021,6,23,summer
2021-06-18,158.6,152.6,178.1,160.9,127.5,193.3,165.7,159.6,188.7,180.1,129.4,209.9,155.0,148.8,151.3,158.3,117.5,138.5,218.8,278.5,266.8,268.1,168.2,161.3,166.1,170.0,123.6,148.3,237.2,310.1,304.9,305.1,2021,6,24,summer
2021-06-25,149.0,153.6,167.8,152.7,118.4,183.7,156.1,160.7,177.9,172.0,120.5,199.2,141.9,148.6,135.6,147.5,106.3,126.1,204.2,257.3,231.3,242.1,154.6,161.4,150.5,158.1,112.8,135.6,220.7,288.5,263.8,272.4,2021,6,25,summer
2021-07-02,162.0,156.2,179.3,161.9,132.7,192.3,170.6,163.7,191.6,182.9,135.9,210.1,154.9,150.5,147.6,161.3,113.0,136.3,229.3,286.8,248.2,277.2,170.3,164.1,164.9,174.8,121.1,147.9,250.0,322.4,286.1,315.5,2021,7,26,summer
2021-07-09,174.0,160.9,190.9,172.4,143.3,217.9,184.4,169.2,205.6,195.0,148.2,238.6,158.9,152.7,152.2,164.8,118.7,139.7,231.4,291.4,255.0,278.6,175.8,167.2,171.4,179.6,128.0,152.1,254.9,331.6,298.2,315.9,2021,7,27,summer
2021-07-16,198.5,170.9,224.7,191.8,160.5,233.2,213.2,181.1,247.3,221.0,166.8,258.0,187.5,160.8,177.9,195.9,140.5,164.4,272.0,345.1,310.2,330.8,209.7,177.6,202.1,216.2,153.2,180.5,303.1,399.5,369.5,383.5,2021,7,28,summer
2021-07-23,201.2,183.9,230.3,193.8,161.1,238.0,218.5,196.7,257.1,226.1,168.3,265.1,191.8,173.3,181.8,200.5,139.8,168.9,282.3,358.1,321.9,347.4,217.7,193.4,210.3,224.0,155.3,188.1,317.5,420.9,386.8,414.7,2021,7,29,summer
2021-07-30,206.0,194.9,235.0,206.3,161.9,248.3,224.9,210.2,263.5,244.0,169.5,277.5,196.2,183.6,187.2,204.0,142.5,173.6,286.6,369.7,336.6,359.3,224.5,206.9,218.0,230.0,160.1,195.0,324.9,435.3,408.1,425.6,2021,7,30,summer
2021-08-06,213.5,204.8,240.7,209.1,171.4,272.1,235.4,223.0,272.6,249.4,182.1,304.9,244.4,204.9,239.7,248.5,186.0,220.4,342.5,433.4,377.7,400.5,277.9,232.4,277.3,278.5,207.2,246.1,388.5,508.4,453.4,477.8,2021,8,31,summer
2021-08-13,205.6,206.6,232.3,205.2,164.4,261.4,224.2,225.7,260.5,240.0,172.4,290.4,234.5,216.7,227.9,240.3,180.9,210.0,327.1,415.1,371.8,390.6,262.7,245.7,259.4,265.4,198.4,230.7,365.8,481.7,443.5,457.0,2021,8,32,summer
2021-08-20,201.8,206.8,224.9,213.1,158.7,262.4,219.7,226.0,252.5,250.7,165.0,294.0,231.2,226.5,227.6,234.3,179.2,209.0,319.2,403.7,351.7,376.6,257.8,255.7,258.6,257.1,196.0,228.8,354.1,468.8,417.3,439.9,2021,8,33,summer
2021-08-27,205.8,206.7,225.7,225.3,163.0,272.0,222.5,225.4,251.5,261.0,168.7,304.3,234.3,236.1,230.3,237.9,185.9,211.9,318.5,398.1,360.7,375.5,258.1,264.1,258.5,257.8,202.1,229.1,348.7,455.6,419.3,435.0,2021,8,34,summer
2021-09-03,202.0,203.8,223.5,219.9,158.2,272.7,218.0,221.1,247.8,253.6,164.1,303.6,219.8,229.9,216.9,222.3,178.2,196.4,298.2,368.7,332.4,344.6,243.8,255.6,244.7,243.1,194.4,214.4,329.2,424.1,392.1,396.7,2021,9,35,autumn
2021-09-10,190.8,200.1,213.0,208.1,147.8,252.7,204.1,216.1,233.1,238.0,152.3,280.3,202.4,221.9,201.3,203.4,163.5,181.2,274.0,345.2,298.9,309.0,223.9,245.9,226.2,222.0,177.3,197.1,302.9,396.2,353.0,355.4,2021,9,36,autumn
2021-09-17,171.4,192.5,192.2,189.8,129.3,226.4,184.0,207.2,211.1,218.9,133.3,252.2,188.5,211.2,188.3,188.6,149.5,168.4,261.8,317.7,275.1,289.3,206.8,233.2,210.0,204.1,161.3,181.1,286.6,362.7,317.8,331.7,2021,9,37,autumn
2021-09-24,159.6,180.9,165.0,163.6,123.9,242.3,181.7,196.9,195.9,204.7,136.5,282.0,175.4,196.5,180.8,170.7,138.8,156.5,246.6,290.5,247.6,277.6,205.5,220.0,216.2,196.3,160.5,179.3,287.3,353.6,312.4,336.4,2021,9,38,autumn
2021-10-01,182.3,176.0,193.5,209.5,144.2,231.9,192.5,190.5,209.0,236.9,147.3,255.4,195.8,190.5,191.7,199.4,160.2,172.9,266.4,334.6,280.2,314.5,211.7,212.0,210.4,212.7,170.3,183.2,287.7,377.2,323.0,354.0,2021,10,39,autumn
2021-10-08,198.0,177.8,211.9,220.6,157.3,258.5,211.2,192.3,231.8,252.2,162.2,284.0,199.8,189.9,197.8,201.4,161.2,175.6,276.4,345.3,288.5,305.8,221.1,211.3,221.9,220.4,174.8,190.9,306.4,394.8,340.9,351.3,2021,10,40,autumn
2021-10-15,199.5,184.9,217.8,214.6,158.7,269.7,213.0,199.6,238.3,244.8,163.7,296.3,202.3,193.3,201.2,203.2,164.3,179.2,278.8,335.4,291.5,317.0,223.0,215.3,225.3,221.1,177.8,194.5,307.0,381.7,340.6,366.7,2021,10,41,autumn
2021-10-22,188.0,191.9,208.7,207.4,147.6,239.2,198.1,203.7,224.2,231.8,150.8,259.4,193.1,197.7,190.3,195.4,155.6,171.5,265.3,325.4,290.1,308.3,210.9,216.7,211.5,210.4,165.7,184.7,290.7,366.4,333.9,348.7,2021,10,42,autumn
2021-10-29,180.9,191.6,198.8,202.3,142.2,227.9,191.1,203.3,213.5,227.1,146.1,248.0,188.7,195.9,186.1,191.0,150.2,169.1,260.3,315.3,285.3,305.5,205.6,215.2,206.0,205.3,159.5,181.4,284.3,355.4,328.2,344.4,2021,10,43,autumn
2021-11-05,178.5,186.7,196.0,202.4,140.0,219.7,188.4,197.6,210.7,225.9,143.8,239.1,177.8,190.4,174.9,180.3,139.2,158.3,248.7,306.7,275.0,298.2,192.9,208.1,192.5,193.2,146.5,169.2,270.5,344.0,316.3,332.5,2021,11,44,autumn
2021-11-12,187.4,183.7,204.7,213.1,148.6,224.2,198.7,194.1,220.5,238.5,153.7,246.1,241.5,200.3,237.8,244.7,196.6,215.4,325.1,409.0,381.5,402.0,255.4,216.2,253.2,257.3,200.1,223.9,348.2,454.5,437.4,461.5,2021,11,45,autumn
2021-11-19,185.6,183.1,200.0,220.5,145.8,218.3,195.9,193.5,214.8,247.4,150.0,238.3,247.3,213.8,241.2,252.7,200.8,218.6,338.1,420.2,386.6,405.8,262.6,229.1,259.2,265.5,203.9,227.9,363.3,475.7,450.9,462.6,2021,11,46,autumn
2021-11-26,188.9,185.1,203.0,210.7,152.4,219.8,199.9,195.7,219.3,237.7,157.1,241.7,256.9,230.9,251.0,262.1,209.0,231.9,342.0,428.2,409.4,430.4,269.4,245.1,269.0,269.8,210.0,238.7,362.5,480.8,488.1,488.5,2021,11,47,autumn
2021-12-03,196.7,189.7,208.4,223.5,159.4,228.3,210.3,201.2,227.9,253.9,166.1,252.6,263.8,252.4,259.6,267.5,215.0,237.5,351.6,440.6,418.4,445.7,276.5,266.0,273.9,278.8,217.0,244.9,371.8,489.2,486.0,498.9,2021,12,48,winter
2021-12-10,200.5,192.9,213.0,230.5,160.8,230.1,215.0,205.3,234.0,265.0,167.4,255.4,263.3,257.8,260.9,265.4,216.1,234.1,351.7,450.5,418.7,441.8,281.0,272.4,280.1,281.8,219.8,246.4,380.7,509.2,499.1,509.6,2021,12,49,winter
2021-12-17,213.0,199.8,230.5,244.1,169.2,244.5,230.9,214.0,256.6,282.4,177.4,275.1,282.6,266.7,276.9,287.6,230.6,251.4,380.7,480.9,442.4,463.8,307.3,283.6,304.2,309.9,241.2,269.0,416.9,553.0,534.7,542.7,2021,12,50,winter
2021-12-24,220.0,207.6,243.0,239.6,176.5,283.9,252.3,227.1,288.8,296.3,192.5,336.3,287.2,274.2,285.7,288.6,236.1,257.3,382.2,480.5,448.6,484.2,328.7,298.4,330.0,327.7,263.6,290.1,437.7,573.3,560.8,581.6,2021,12,51,winter
2021-12-31,239.6,218.3,271.2,265.3,185.7,323.2,283.2,245.4,333.7,338.9,207.1,391.9,314.5,286.9,312.5,316.2,257.1,284.6,418.3,513.8,486.4,522.9,378.6,323.9,380.8,376.7,302.2,337.0,502.4,651.8,654.4,661.4,2021,12,52,winter
2022-01-07,221.7,223.6,241.3,234.4,176.5,276.9,252.4,254.7,284.7,288.8,193.4,324.1,258.8,285.8,259.1,258.5,164.7,243.0,382.2,515.1,476.5,519.9,300.4,328.8,304.4,297.1,186.4,272.6,442.2,626.2,608.3,635.6,2022,1,1,winter
2022-01-14,234.9,229.1,256.8,254.2,186.8,284.1,265.3,263.3,299.6,308.2,203.6,331.1,283.1,285.9,282.5,283.6,179.9,266.7,420.2,551.8,516.2,560.6,318.8,331.7,321.4,316.7,199.5,290.3,468.1,653.4,634.1,649.3,2022,1,2,winter
2022-01-21,221.0,229.3,236.5,236.1,179.1,274.1,250.3,262.8,277.5,288.1,195.8,319.9,276.3,283.2,276.0,276.6,174.9,261.9,408.6,536.0,506.2,531.7,313.1,327.7,316.6,310.1,195.3,286.9,456.8,640.2,635.7,637.9,2022,1,3,winter
2022-01-28,226.6,226.1,243.2,251.2,181.0,275.0,256.0,256.0,282.8,305.1,197.9,322.2,288.1,276.6,285.4,290.6,180.9,275.6,429.2,541.5,507.8,547.0,328.3,315.1,331.8,325.2,202.7,303.7,481.1,655.6,648.8,662.7,2022,1,4,winter
2022-02-04,217.3,224.9,217.9,215.0,177.1,294.7,259.1,257.7,273.2,281.3,206.4,360.7,265.5,278.3,273.5,258.4,171.4,254.5,386.3,499.8,455.5,494.9,316.2,319.1,330.8,303.7,201.8,290.7,457.4,633.1,596.5,610.8,2022,2,5,winter
2022-02-11,238.4,225.8,248.5,269.6,193.0,270.8,267.3,258.1,286.4,325.2,210.9,316.0,284.1,278.5,281.3,286.5,187.2,265.8,418.2,539.2,497.7,544.9,320.1,319.4,320.7,319.5,206.9,288.2,468.2,649.1,616.8,669.4,2022,2,6,winter
2022-02-18,244.7,231.7,259.7,268.5,197.6,283.9,276.3,264.7,301.3,326.4,217.4,332.2,299.5,284.3,294.6,303.7,195.4,281.2,442.7,565.1,528.9,570.0,340.0,326.1,339.6,340.3,218.5,308.1,497.0,682.5,661.6,671.8,2022,2,7,winter
2022-02-25,257.3,239.4,269.5,284.7,208.2,279.8,286.8,272.4,309.2,344.9,226.2,325.3,318.8,291.9,309.8,326.7,200.4,300.2,479.3,613.3,582.4,609.1,359.5,333.9,356.2,362.4,220.0,325.6,535.8,746.5,741.4,726.9,2022,2,8,winter
2022-03-04,260.9,250.3,288.8,284.6,202.2,291.6,292.5,280.7,331.3,344.3,221.3,339.7,315.6,304.5,314.9,316.1,203.5,299.2,463.6,599.9,568.2,594.3,356.7,344.1,359.9,354.0,223.9,325.0,523.8,725.2,702.7,711.1,2022,3,9,spring
2022-03-11,254.2,254.2,274.2,276.4,203.2,274.4,282.1,284.5,309.2,329.1,222.4,316.2,303.6,309.3,304.6,302.6,194.0,284.5,449.0,601.4,557.0,597.6,344.5,350.2,349.2,340.5,213.3,310.2,510.5,727.0,700.5,723.5,2022,3,10,spring
2022-03-18,249.1,255.3,269.9,274.8,196.6,268.2,273.7,283.8,300.3,322.7,213.5,306.1,305.5,310.8,302.5,308.1,196.0,285.6,451.2,606.1,570.2,599.4,341.3,350.5,342.6,340.1,213.0,306.9,501.9,723.5,711.1,713.9,2022,3,11,spring
2022-03-25,246.7,252.7,267.1,271.7,196.9,262.3,271.4,279.9,297.0,319.1,214.0,299.2,306.7,307.8,302.3,310.5,193.7,288.1,455.2,607.0,589.5,592.0,343.7,346.5,344.1,343.4,210.2,310.0,508.6,731.5,751.1,719.6,2022,3,12,spring
2022-04-01,232.8,245.7,254.1,258.5,182.6,247.5,258.0,271.3,285.0,305.6,199.9,283.7,290.4,301.5,287.3,293.2,181.9,273.7,432.2,575.7,548.6,579.9,322.8,338.1,324.2,321.7,197.7,291.4,478.4,683.0,688.7,692.2,2022,4,13,spring
2022-04-08,219.1,236.9,236.4,244.8,172.2,230.6,241.4,261.1,263.8,287.4,188.0,263.4,252.4,288.7,251.7,253.0,160.5,236.1,370.5,515.0,487.5,507.8,285.0,323.2,288.1,282.4,176.6,256.0,417.7,616.9,616.1,642.8,2022,4,14,spring
2022-04-15,216.2,228.7,232.0,244.8,169.8,231.0,238.7,252.4,258.6,287.1,186.1,264.3,254.8,276.1,252.8,256.6,164.4,237.4,372.9,517.2,488.1,505.8,284.8,309.1,286.3,283.5,179.8,255.8,413.1,613.8,610.5,599.6,2022,4,15,spring
2022-04-22,205.2,218.3,218.7,231.5,162.1,213.1,224.5,240.7,240.7,269.0,177.0,242.6,242.4,260.0,241.0,243.6,155.7,226.2,353.9,495.0,472.0,472.4,269.1,290.5,270.4,268.1,168.2,242.7,391.0,580.8,574.9,598.1,2022,4,16,spring
2022-04-29,200.7,210.3,216.3,231.6,156.1,208.2,220.6,231.3,238.4,270.9,171.1,237.8,240.8,247.6,236.6,244.5,149.7,223.5,361.0,499.1,468.0,503.1,275.2,278.5,274.5,275.8,166.1,246.1,408.9,605.7,616.8,630.1,2022,4,17,spring
2022-05-06,213.2,208.8,230.1,245.7,166.3,218.7,240.1,231.0,260.2,294.5,186.9,254.6,243.3,245.3,244.1,242.6,152.1,227.2,362.3,498.7,464.9,491.1,280.7,277.5,283.9,278.0,170.2,252.7,417.1,605.9,595.3,619.6,2022,5,18,spring
2022-05-13,190.7,202.4,208.2,214.9,147.6,199.1,215.1,225.1,237.8,258.7,164.6,230.5,218.7,236.3,216.1,221.0,142.1,203.5,316.0,451.0,438.6,475.6,251.9,269.2,250.3,253.3,159.6,225.6,363.0,548.6,560.7,579.0,2022,5,19,spring
2022-05-20,193.6,199.5,208.2,221.2,151.2,197.8,212.8,222.1,228.3,257.6,167.2,226.2,221.5,231.1,220.7,222.3,140.7,207.1,323.9,457.7,437.3,452.7,252.5,265.1,254.0,251.2,156.4,227.7,366.1,551.8,556.6,577.6,2022,5,20,spring
2022-05-27,198.4,199.0,217.6,225.1,152.8,203.1,218.8,221.7,239.5,263.2,169.1,233.4,230.8,228.6,229.7,231.7,144.9,215.3,340.6,477.9,457.4,475.8,264.4,262.4,266.9,262.3,161.8,237.9,385.5,583.8,604.9,585.0,2022,5,21,spring
2022-06-03,217.7,200.1,235.9,248.0,168.3,224.6,242.3,222.3,262.6,292.8,188.4,258.1,248.2,229.8,248.9,247.5,158.0,231.4,365.0,509.4,475.6,492.6,283.1,263.0,286.2,280.4,176.9,255.1,411.7,611.9,597.9,597.9,2022,6,22,summer
2022-06-10,215.2,206.2,229.4,245.8,169.3,225.1,240.4,228.6,256.6,290.1,190.4,260.1,235.5,234.0,236.1,235.1,152.2,216.9,344.9,494.0,456.1,476.5,270.6,267.6,274.0,267.8,171.2,240.6,393.6,596.2,579.1,599.8,2022,6,23,summer
2022-06-17,207.7,209.7,224.8,239.3,160.5,218.6,229.1,232.7,247.3,277.9,178.5,250.4,231.1,236.4,228.2,233.7,150.6,212.1,337.6,485.3,445.9,467.8,262.1,270.0,262.3,261.9,167.9,232.9,377.2,581.4,558.7,578.1,2022,6,24,summer
2022-06-24,208.3,212.2,228.8,238.8,158.8,219.2,232.3,236.0,255.1,279.9,178.2,253.7,235.8,237.7,232.0,239.2,150.1,217.7,350.0,488.8,455.6,480.0,268.2,271.0,266.4,269.7,169.9,239.4,389.8,584.6,561.2,574.6,2022,6,25,summer
2022-07-01,218.5,212.4,235.7,248.7,170.5,226.1,246.7,237.1,266.2,294.9,193.7,265.2,248.6,237.8,242.5,254.0,156.6,226.9,376.8,518.2,473.4,513.1,291.6,273.1,288.8,294.0,182.9,257.4,429.8,645.0,629.3,627.3,2022,7,26,summer
2022-07-08,221.6,214.0,244.3,248.4,169.5,221.2,251.0,239.8,277.6,297.3,192.3,260.4,240.7,239.1,235.7,245.1,150.8,218.8,364.5,514.5,466.4,496.8,282.6,276.1,279.4,285.3,175.1,247.5,421.5,633.9,599.4,633.2,2022,7,27,summer
2022-07-15,216.4,216.2,233.0,241.9,169.4,216.3,244.9,243.7,264.1,289.8,192.5,255.0,235.5,240.2,233.3,237.4,151.7,216.5,346.9,492.7,453.9,478.3,278.4,280.2,277.9,278.7,177.0,246.2,405.0,616.1,599.4,599.6,2022,7,28,summer
2022-07-22,214.9,217.9,229.8,239.4,170.6,208.7,242.6,246.3,260.0,285.8,193.3,245.3,240.3,241.3,235.3,244.7,151.1,218.9,364.1,506.8,454.2,474.6,281.2,283.4,278.3,283.6,174.7,246.8,420.9,621.9,579.0,590.5,2022,7,29,summer
2022-07-29,229.9,220.7,244.9,252.2,185.3,220.8,261.4,250.0,279.5,304.5,211.2,261.0,261.3,244.4,251.8,269.6,158.9,238.9,403.7,549.5,504.5,542.5,313.2,288.8,305.9,319.3,187.0,275.8,476.7,694.0,680.3,704.6,2022,7,30,summer
2022-08-05,239.3,225.1,257.1,272.5,186.5,235.3,275.6,256.1,297.3,335.6,214.4,283.9,268.2,251.3,263.6,272.3,166.3,244.7,409.1,568.3,515.4,531.5,319.8,298.1,316.6,322.5,195.4,280.7,483.3,706.8,674.6,673.1,2022,8,31,summer
2022-08-12,234.1,229.5,252.7,263.2,183.4,233.4,267.6,261.8,290.1,319.9,209.3,280.1,253.1,255.7,245.9,259.5,162.8,228.1,382.2,532.8,487.1,510.5,301.0,303.8,295.2,306.0,191.4,261.8,449.1,662.3,627.7,640.2,2022,8,32,summer
2022-08-19,236.8,235.0,257.2,262.7,186.0,237.8,272.7,269.3,298.1,320.5,214.0,286.3,262.5,261.3,257.5,267.0,167.0,240.2,394.1,545.2,508.7,512.8,315.8,312.4,313.2,317.9,197.9,278.7,467.4,692.5,672.7,656.2,2022,8,33,summer
2022-08-26,216.2,231.6,234.2,249.5,167.3,210.2,244.9,265.2,265.4,300.2,189.6,250.6,240.2,256.0,234.0,245.7,153.9,220.6,356.7,500.3,466.4,472.7,287.3,306.0,284.3,289.8,181.4,255.3,418.8,632.3,622.2,592.8,2022,8,34,summer
2022-09-02,213.6,225.2,233.8,250.7,164.0,215.6,243.1,257.1,266.1,301.0,186.7,257.3,233.4,247.3,229.1,237.3,154.2,214.7,341.7,471.5,437.5,464.7,275.0,294.8,273.2,276.5,181.2,245.0,395.0,579.0,565.7,578.2,2022,9,35,autumn
2022-09-09,212.2,219.7,227.1,251.8,162.1,217.7,247.4,252.0,266.9,311.2,188.7,267.6,221.3,239.4,222.4,220.2,147.1,202.3,323.6,453.3,411.8,412.0,269.3,286.8,274.5,264.9,177.8,238.9,388.3,571.6,544.3,531.1,2022,9,36,autumn
2022-09-16,192.8,208.7,194.4,227.4,150.8,204.8,227.0,240.6,231.2,285.5,179.1,252.4,197.1,223.0,197.4,196.9,134.1,180.3,285.4,395.3,354.9,364.3,243.7,268.8,247.7,240.3,165.5,216.0,346.9,509.1,476.5,461.0,2022,9,37,autumn
2022-09-23,205.0,205.9,215.9,251.5,158.8,198.2,232.2,237.4,245.0,300.9,180.7,237.1,214.1,216.5,211.7,216.2,141.8,195.8,313.8,436.6,409.6,415.8,253.5,260.4,254.1,253.0,167.1,225.0,364.9,536.7,528.8,515.6,2022,9,38,autumn
2022-09-30,198.0,202.0,207.4,247.2,153.6,190.4,224.5,232.8,236.4,295.7,174.4,227.2,211.8,211.1,209.2,214.1,137.8,194.3,313.3,433.7,409.7,412.6,255.1,255.4,256.8,253.7,164.4,227.1,369.2,548.4,551.5,525.1,2022,9,39,autumn
2022-10-07,220.2,204.0,232.0,273.6,170.3,220.6,254.0,234.4,270.7,334.3,195.2,267.9,225.6,212.2,225.0,226.2,150.9,204.7,331.1,464.5,418.7,428.7,271.1,255.9,273.6,269.0,180.2,239.2,390.7,576.5,548.5,558.0,2022,10,40,autumn
2022-10-14,217.4,210.1,231.4,266.5,168.6,221.2,250.5,240.3,269.0,323.5,193.7,266.8,224.5,219.0,224.3,224.7,151.9,203.8,326.4,462.2,413.3,412.4,270.3,262.5,273.4,267.7,181.3,238.9,386.9,576.3,533.8,512.8,2022,10,41,autumn
2022-10-21,205.8,210.3,220.5,251.4,159.7,204.2,233.9,240.7,252.3,300.1,181.4,242.8,213.8,218.9,212.3,215.1,144.2,193.7,310.9,442.6,404.7,395.9,255.5,263.0,256.3,254.7,169.6,224.2,366.9,556.3,537.6,521.7,2022,10,42,autumn
2022-10-28,204.1,211.9,222.1,246.2,157.0,202.7,233.3,242.9,255.8,295.0,179.2,243.6,216.9,220.2,214.9,218.7,142.1,198.6,318.5,449.8,414.9,429.4,263.8,265.2,265.1,262.6,169.5,234.0,380.8,579.7,570.6,544.0,2022,10,43,autumn
2022-11-04,206.5,208.4,223.7,250.4,159.5,202.7,237.3,238.8,258.7,301.9,183.1,245.8,214.2,217.4,213.1,215.2,139.8,195.2,316.8,446.2,409.3,410.9,257.1,261.7,257.7,256.6,166.8,226.8,374.4,557.7,528.7,505.5,2022,11,44,autumn
2022-11-11,206.3,205.7,218.9,248.5,162.0,199.2,237.3,235.5,254.4,300.0,186.2,241.3,214.6,214.9,214.4,214.9,140.0,195.7,318.1,445.1,406.5,394.5,255.7,258.0,258.5,253.3,165.9,224.6,371.9,563.1,531.3,495.8,2022,11,45,autumn
2022-11-18,215.9,208.2,227.5,265.5,171.2,204.8,248.8,239.2,263.9,320.8,197.4,249.1,225.8,217.9,222.9,228.4,146.3,200.8,343.3,483.1,424.4,437.7,271.8,262.1,272.0,271.7,174.0,233.5,404.3,618.4,564.2,571.6,2022,11,46,autumn
2022-11-25,215.0,210.9,217.9,247.6,180.2,214.0,249.2,243.2,253.2,300.0,211.6,259.3,230.3,221.2,229.6,230.9,148.0,209.5,344.9,481.5,437.0,443.0,278.5,265.8,282.9,274.7,178.0,246.2,406.1,612.5,586.1,547.4,2022,11,47,autumn
2022-12-02,235.4,218.2,237.1,263.2,201.8,232.6,276.0,252.8,279.6,321.2,239.6,284.1,246.1,229.2,245.1,246.9,162.4,222.5,362.9,518.1,466.7,483.0,296.9,275.7,299.4,294.7,196.2,260.1,428.3,651.7,606.6,591.1,2022,12,48,winter
2022-12-09,217.8,221.0,232.3,265.9,168.5,199.8,252.3,256.6,270.3,322.9,196.3,244.5,221.5,230.9,219.7,223.1,145.8,197.9,329.3,476.6,429.6,447.6,265.8,278.2,266.6,265.2,173.9,231.6,386.7,587.9,563.1,565.2,2022,12,49,winter
2022-12-16,219.0,221.8,231.3,262.4,172.3,206.4,254.6,258.0,271.1,319.5,201.3,252.5,224.8,230.7,222.5,226.8,150.4,198.6,335.0,481.5,429.6,447.5,270.3,277.9,270.3,270.4,180.2,232.9,394.2,595.5,562.0,558.6,2022,12,50,winter
2022-12-23,209.9,220.6,225.3,251.2,164.8,196.2,251.4,258.6,271.9,314.0,198.1,247.1,230.3,230.7,225.9,234.2,150.6,207.4,341.6,491.4,446.9,460.2,283.7,279.2,280.5,286.5,186.2,248.3,410.9,623.1,600.3,592.6,2022,12,51,winter
2022-12-30,226.9,218.4,241.2,279.7,177.2,217.4,279.9,259.6,302.6,363.6,217.2,281.1,256.3,233.2,250.6,261.3,164.1,234.5,386.2,523.3,476.0,502.6,331.2,287.8,326.9,334.8,211.1,294.9,486.7,700.3,686.4,688.3,2022,12,52,winter
2023-01-06,217.3,218.3,228.3,261.9,170.7,202.4,262.9,262.2,281.2,333.7,205.7,261.2,231.3,235.7,228.1,234.1,112.5,215.4,377.4,560.5,511.0,541.7,288.1,293.3,286.3,289.6,145.0,256.7,453.1,721.5,679.2,692.6,2023,1,1,winter
2023-01-13,218.4,218.1,229.1,267.0,170.8,196.0,256.0,262.6,270.9,329.7,200.7,245.3,226.4,236.1,223.0,229.4,101.5,212.0,377.2,563.7,521.3,548.2,274.0,294.2,272.5,275.2,125.9,245.1,442.0,704.6,676.3,669.0,2023,1,2,winter
2023-01-20,217.2,219.9,225.4,264.8,171.4,195.1,257.1,264.0,269.3,330.5,203.6,245.6,227.2,235.3,225.7,228.6,99.7,213.9,382.0,562.1,512.5,515.9,278.8,293.0,279.9,277.8,125.9,250.7,452.3,712.3,681.7,654.1,2023,1,3,winter
2023-01-27,200.2,213.3,192.0,232.7,159.2,199.0,252.4,257.1,249.9,313.3,203.2,263.4,205.8,222.7,207.7,204.2,96.0,197.2,334.6,489.4,447.9,467.6,272.6,278.4,279.6,266.6,131.8,247.7,429.2,675.0,651.4,637.6,2023,1,4,winter
2023-02-03,214.6,212.6,214.7,269.1,171.2,184.8,252.2,254.4,255.6,333.9,202.3,232.9,219.8,219.8,216.9,222.4,99.8,206.9,365.5,536.4,495.1,535.8,266.4,272.9,265.4,267.2,124.4,239.8,427.8,671.2,638.3,658.9,2023,2,5,winter
2023-02-10,209.9,210.5,209.1,259.6,168.3,180.7,246.3,252.0,247.8,322.1,199.5,227.3,210.4,215.8,209.6,211.1,95.0,197.0,349.7,524.7,477.4,486.5,256.8,268.6,258.6,255.2,119.3,229.4,412.8,662.5,620.5,623.5,2023,2,6,winter
2023-02-17,214.1,209.7,216.9,262.3,171.7,186.7,252.9,250.9,258.4,327.3,204.3,234.4,217.7,213.4,215.0,220.0,97.8,203.1,364.4,542.2,491.3,514.0,269.2,266.2,269.0,269.3,124.4,239.8,435.3,692.8,658.2,657.8,2023,2,7,winter
2023-02-24,216.7,213.8,217.2,265.4,175.6,184.4,256.1,251.9,258.1,332.5,209.4,232.1,224.7,218.1,220.9,228.0,99.8,210.6,378.5,551.6,503.0,520.2,274.4,266.7,271.7,276.7,125.6,246.3,446.6,691.4,654.8,670.6,2023,2,8,winter
2023-03-03,228.6,217.3,233.4,274.7,183.5,197.0,271.7,256.7,280.0,347.8,218.9,250.2,236.1,222.2,237.3,235.0,108.6,225.7,386.1,563.4,526.2,546.3,295.9,274.1,300.5,292.0,138.0,270.2,470.1,732.6,738.8,699.9,2023,3,9,spring
2023-03-10,200.4,214.9,199.4,233.0,166.2,170.8,234.1,253.7,234.0,289.6,196.5,214.4,198.3,219.2,200.7,196.2,92.1,190.4,315.3,490.6,467.9,479.9,243.1,270.6,248.4,238.6,115.5,222.6,376.8,620.9,609.2,605.0,2023,3,10,spring
2023-03-17,206.9,213.2,208.4,243.8,169.5,173.7,242.8,251.2,245.3,304.5,200.9,218.6,210.1,217.3,211.8,208.6,99.9,199.2,337.1,513.8,490.7,494.5,259.2,268.1,264.3,254.8,126.0,234.6,403.6,655.9,659.8,623.2,2023,3,11,spring
2023-03-24,198.8,208.7,201.2,232.7,162.5,165.6,232.3,245.2,235.0,289.3,192.6,208.1,205.6,212.5,206.0,205.3,94.4,194.6,334.9,508.3,483.5,493.1,249.7,262.0,253.1,246.9,118.0,226.2,393.1,635.9,630.7,611.9,2023,3,12,spring
2023-03-31,194.7,200.2,199.1,229.9,157.7,159.5,227.5,234.2,232.1,285.6,186.9,201.0,206.7,205.2,205.0,208.3,92.4,196.7,339.8,507.8,490.9,508.2,253.0,251.2,255.6,250.7,117.1,229.6,398.9,648.7,663.0,644.0,2023,3,13,spring
2023-04-07,204.3,201.2,213.7,239.7,162.5,177.7,238.9,235.4,248.7,296.9,192.9,224.7,198.2,205.2,196.8,199.4,94.3,189.2,314.8,484.6,465.9,487.2,236.9,249.7,239.5,234.6,117.0,213.4,364.5,608.5,620.6,610.0,2023,4,14,spring
2023-04-14,202.8,200.2,207.6,245.9,161.5,167.7,236.3,233.8,240.9,303.6,191.3,211.2,201.4,203.0,201.0,201.7,96.3,188.6,323.8,502.5,479.8,480.0,246.9,246.6,249.6,244.6,121.2,221.0,386.3,629.6,629.8,607.3,2023,4,15,spring
2023-04-21,204.0,201.5,208.7,243.5,163.8,166.1,236.6,234.8,240.9,300.1,193.0,207.1,207.4,203.4,205.4,209.1,100.2,192.7,334.2,520.9,487.5,494.5,253.3,247.5,254.5,252.3,123.6,226.1,396.2,654.0,656.1,632.5,2023,4,16,spring
2023-04-28,207.4,204.6,216.0,244.0,165.5,168.2,241.2,238.2,251.1,300.1,195.2,210.7,214.7,205.4,210.8,218.2,101.6,197.8,351.5,546.2,507.2,512.4,267.1,251.1,266.2,267.9,127.2,235.6,425.1,702.2,701.9,662.0,2023,4,17,spring
2023-05-05,233.1,211.8,238.6,276.0,187.3,200.6,278.5,248.1,285.5,351.3,226.5,256.1,238.8,215.6,239.3,238.4,115.9,223.0,385.4,589.3,540.9,560.5,297.2,266.1,300.6,294.3,144.8,264.6,470.5,757.9,732.0,725.4,2023,5,18,spring
2023-05-12,195.4,210.0,204.6,229.6,154.8,159.0,232.5,247.2,244.6,290.9,185.8,201.9,196.6,214.4,194.1,198.8,96.0,182.7,313.1,496.5,483.0,497.4,244.0,265.4,242.6,245.3,121.2,216.1,379.4,636.8,640.9,648.6,2023,5,19,spring
2023-05-19,202.4,209.6,213.6,234.6,159.7,159.0,235.2,246.9,244.5,289.2,189.9,198.3,208.8,214.7,206.9,210.5,103.3,195.5,331.0,517.3,495.2,502.7,252.8,265.3,253.0,252.6,126.4,225.9,391.4,646.5,661.2,625.3,2023,5,20,spring
2023-05-26,196.7,206.9,204.9,228.1,157.7,153.3,228.5,243.7,235.4,280.6,187.2,191.8,204.9,212.3,203.0,206.5,99.8,190.4,327.4,515.8,496.2,508.7,249.8,261.0,251.2,248.6,122.3,221.6,389.6,653.9,665.5,654.9,2023,5,21,spring
2023-06-02,215.7,202.6,224.2,253.2,172.0,178.0,254.8,237.7,263.5,317.7,206.5,226.2,227.5,209.4,225.6,229.1,113.9,210.7,360.8,571.6,530.8,550.1,275.6,255.6,275.5,275.6,139.0,244.5,427.4,713.1,691.5,685.0,2023,6,22,summer
2023-06-09,214.5,207.3,222.5,247.4,172.8,168.2,249.0,241.9,256.5,304.8,204.7,209.8,218.8,215.0,219.4,218.3,110.3,201.3,346.7,555.8,521.5,525.6,262.2,260.1,265.1,259.7,132.1,230.7,407.4,687.9,678.7,654.7,2023,6,23,summer
2023-06-16,204.6,207.9,212.6,235.8,164.4,158.5,236.2,242.1,242.9,286.9,194.4,197.0,209.2,215.1,207.5,210.7,108.2,191.1,328.8,532.7,503.2,521.7,250.4,259.5,251.4,249.7,129.4,218.8,386.2,657.7,659.6,658.9,2023,6,24,summer
2023-06-23,203.0,209.5,211.9,239.4,159.9,155.9,235.4,243.8,243.5,292.5,189.9,195.3,215.3,217.7,211.7,218.4,108.3,197.6,341.0,550.0,516.7,543.0,257.0,261.3,255.0,258.7,130.1,225.7,398.6,676.5,664.7,660.7,2023,6,25,summer
2023-06-30,211.7,208.5,218.8,260.9,166.0,167.7,248.5,242.3,255.7,321.3,198.7,212.0,232.5,218.9,227.7,236.7,114.6,212.6,376.6,587.5,543.1,587.3,284.2,263.5,282.5,285.6,141.7,249.0,445.6,747.9,724.1,738.5,2023,6,26,summer
2023-07-07,205.4,206.2,213.8,242.9,160.6,168.4,241.6,240.4,250.9,303.0,192.0,212.5,222.6,219.9,218.7,226.1,109.4,202.4,361.3,571.5,523.8,550.6,269.9,265.4,267.9,271.7,134.4,234.3,426.9,715.1,690.7,696.7,2023,7,27,summer
2023-07-14,207.1,206.8,209.7,229.4,172.6,172.8,245.8,242.8,249.0,287.3,208.6,219.0,228.4,224.7,225.7,230.9,115.6,210.2,362.6,575.5,538.7,552.6,278.3,272.4,277.1,279.4,142.8,244.9,430.8,723.2,701.4,689.1,2023,7,28,summer
2023-07-21,203.4,206.9,207.5,235.1,165.3,161.4,240.0,244.0,244.7,293.0,198.7,204.0,229.6,228.3,225.8,233.0,111.7,208.8,374.9,587.0,551.1,578.7,279.5,278.0,277.5,281.2,136.9,242.7,444.6,739.4,733.8,744.7,2023,7,29,summer
2023-07-28,208.3,206.0,215.0,243.2,166.5,164.1,246.0,243.4,254.1,306.1,198.9,207.7,242.1,230.7,235.7,247.8,116.4,220.4,399.3,612.7,570.8,610.8,296.8,281.1,293.0,300.0,144.1,258.9,474.2,777.8,769.9,775.2,2023,7,30,summer
2023-08-04,224.1,210.7,232.8,253.9,178.7,173.9,267.4,249.8,278.2,324.4,216.4,220.9,256.3,239.1,250.2,261.7,123.0,230.8,422.8,666.2,622.0,651.5,312.3,291.7,307.2,316.6,151.3,269.1,502.3,835.0,809.7,811.0,2023,8,31,summer
2023-08-11,222.9,214.7,225.5,245.2,184.9,176.5,264.7,254.6,268.3,309.9,223.7,223.0,247.7,243.9,240.4,254.1,123.2,220.6,404.2,648.3,606.5,616.0,304.0,298.1,298.4,308.7,152.3,258.7,484.9,818.7,805.2,782.4,2023,8,32,summer
2023-08-18,213.7,217.3,219.4,245.4,171.7,177.0,252.5,257.7,259.6,310.9,205.1,223.3,242.7,247.2,241.3,243.9,122.4,221.8,388.9,612.2,571.2,595.7,294.8,302.0,295.6,294.2,149.6,257.5,461.6,769.6,750.7,751.0,2023,8,33,summer
2023-08-25,203.5,216.1,210.0,228.4,165.6,165.2,240.1,256.2,248.9,287.3,197.2,209.3,235.5,245.5,231.3,239.1,118.8,214.2,376.2,602.5,567.4,586.0,287.4,299.6,286.2,288.4,146.5,250.4,446.0,763.1,757.5,728.4,2023,8,34,summer
2023-09-01,199.3,209.9,204.0,228.5,161.9,169.3,234.1,247.9,240.0,285.2,192.4,212.3,229.8,238.9,225.8,233.3,118.7,209.8,365.3,571.1,545.2,577.7,276.8,290.8,273.7,279.5,145.2,242.8,427.4,707.7,707.8,702.6,2023,9,35,autumn
2023-09-08,195.3,203.0,199.4,224.6,158.2,162.4,227.4,238.5,232.5,278.3,186.4,202.4,215.5,230.9,213.1,217.6,111.7,196.4,340.0,544.7,519.8,531.7,258.7,279.4,258.8,258.7,135.5,225.9,397.7,675.2,675.7,668.8,2023,9,36,autumn
2023-09-15,197.9,199.0,199.8,226.5,163.2,165.0,230.3,233.0,233.0,279.5,192.3,205.9,223.4,226.0,221.0,225.5,119.3,203.7,348.8,555.6,529.4,532.9,268.4,272.8,269.1,267.8,144.6,234.2,410.0,689.5,689.8,652.8,2023,9,37,autumn
2023-09-22,194.3,196.7,196.2,221.6,160.9,165.0,226.4,229.5,228.6,273.9,190.2,205.1,222.8,222.9,220.7,224.6,118.4,202.2,350.4,556.4,527.2,544.6,267.3,267.8,268.7,266.0,143.0,231.9,410.8,692.4,685.9,671.6,2023,9,38,autumn
2023-09-29,187.8,193.8,186.6,211.9,152.2,167.7,227.2,227.8,228.0,273.7,187.0,217.0,208.8,217.6,210.3,207.4,107.9,190.2,331.3,525.9,488.0,510.5,262.0,264.1,268.4,256.5,135.7,228.5,406.3,684.6,661.0,676.0,2023,9,39,autumn
2023-10-06,207.7,196.9,193.7,241.9,178.9,167.1,247.3,232.8,232.1,309.1,216.7,212.0,214.5,217.4,217.4,212.0,112.0,193.9,344.2,535.8,481.5,488.1,266.0,265.9,272.7,260.3,143.4,230.4,412.1,679.7,648.7,617.5,2023,10,40,autumn
2023-10-13,212.4,200.6,205.8,242.3,183.5,165.0,247.2,237.0,240.4,299.4,216.9,205.2,222.8,217.2,224.0,221.8,119.6,200.2,353.3,554.5,517.0,537.1,267.6,265.7,272.1,263.7,145.0,231.0,413.7,683.9,662.1,686.5,2023,10,41,autumn
2023-10-20,200.7,202.1,198.5,232.8,169.6,154.3,231.4,238.3,230.1,284.8,197.7,190.9,214.4,215.1,213.7,215.0,114.5,192.7,338.5,542.1,502.2,519.9,257.1,263.2,259.1,255.5,138.3,221.9,396.3,668.2,650.6,655.3,2023,10,42,autumn
2023-10-27,198.3,204.8,198.9,230.6,165.7,151.6,229.2,238.8,231.2,282.9,193.5,188.4,216.7,217.1,216.5,216.8,114.3,194.9,344.3,546.9,511.4,531.4,262.0,263.2,265.7,258.8,138.5,226.6,405.4,683.2,677.1,652.2,2023,10,43,autumn
2023-11-03,198.8,202.5,201.0,228.9,165.4,152.8,230.5,234.6,234.9,281.8,193.3,190.7,213.3,216.8,213.9,212.8,110.6,192.6,340.5,539.1,511.1,521.0,255.0,260.4,258.7,251.9,133.5,221.6,396.0,662.6,648.9,633.3,2023,11,44,autumn
2023-11-10,205.2,200.7,209.0,233.5,171.1,162.2,239.7,232.7,246.2,288.4,201.4,203.6,220.1,216.1,220.7,219.7,116.4,198.9,347.4,556.0,525.0,512.5,265.2,259.8,269.3,261.7,141.2,229.4,408.9,691.5,685.0,643.1,2023,11,45,autumn
2023-11-17,212.9,203.8,216.7,248.9,177.8,165.6,251.3,237.7,258.5,309.5,210.9,209.4,229.5,219.9,229.6,229.4,123.0,204.2,365.1,583.4,531.4,565.6,280.9,265.8,284.0,278.2,150.7,239.6,438.0,734.8,704.0,714.9,2023,11,46,autumn
2023-11-24,203.2,205.0,204.6,232.9,170.3,154.8,239.5,240.3,244.7,290.3,202.0,196.3,222.2,221.3,224.9,219.8,119.3,200.4,348.5,558.1,528.5,554.2,269.0,267.5,274.5,264.2,144.5,233.4,412.9,695.1,687.5,682.8,2023,11,47,autumn
2023-12-01,209.3,207.6,213.9,243.2,171.5,162.1,247.3,244.5,256.4,303.8,203.6,204.0,229.2,225.2,229.9,228.6,120.3,206.8,362.9,580.5,551.7,571.8,283.0,274.5,288.0,278.7,148.6,246.1,435.9,740.2,740.5,717.3,2023,12,48,winter
2023-12-08,210.1,208.9,213.1,244.0,172.3,160.8,246.4,246.1,253.5,302.4,203.4,201.6,221.1,225.5,222.8,219.6,118.2,196.2,351.6,567.6,524.3,521.9,269.5,275.6,274.7,265.1,144.6,229.9,418.6,710.6,688.7,657.7,2023,12,49,winter
2023-12-15,222.6,211.3,225.1,259.9,183.5,171.8,261.4,248.7,266.9,321.8,217.3,216.2,233.9,226.6,233.6,234.1,129.1,205.8,369.2,598.0,548.8,553.8,285.4,276.7,288.3,282.9,157.4,242.2,440.7,746.1,726.0,705.5,2023,12,50,winter
2023-12-22,216.1,214.5,223.3,251.5,176.9,164.1,261.2,254.1,273.8,320.0,214.7,211.9,236.9,230.3,236.3,237.5,128.3,211.1,370.8,610.3,573.7,589.2,294.5,283.1,296.0,293.1,160.1,252.3,450.9,777.4,762.3,764.8,2023,12,51,winter
2023-12-29,226.1,218.7,230.2,267.3,185.7,181.6,285.5,263.6,299.5,358.7,232.5,244.2,254.8,236.7,257.5,252.4,131.9,231.0,407.7,635.2,599.6,614.9,332.9,295.6,338.8,327.9,173.5,289.8,518.9,857.2,844.0,831.8,2023,12,52,winter
2024-01-05,211.5,219.1,217.3,244.7,172.2,166.2,264.1,268.0,278.4,323.7,214.4,224.6,265.3,247.7,269.4,261.6,142.6,240.0,418.7,653.9,613.4,634.8,336.3,312.3,343.8,329.9,182.4,293.2,518.8,846.2,806.4,831.2,2024,1,1,winter
2024-01-12,213.8,216.9,217.1,250.9,176.3,153.5,256.3,266.8,264.7,318.9,211.7,197.6,231.8,247.2,233.5,230.3,125.3,206.2,369.6,579.3,535.6,548.9,277.3,310.2,283.6,271.9,152.0,236.8,431.2,712.0,666.4,671.8,2024,1,2,winter
2024-01-19,216.7,217.0,215.6,246.8,183.2,159.0,260.0,266.5,263.0,315.2,220.7,204.3,231.8,245.9,234.2,229.8,80.1,218.1,394.2,676.5,670.9,674.1,288.4,308.7,295.8,282.0,104.6,258.4,471.6,860.0,885.7,852.6,2024,1,3,winter
2024-01-26,221.0,215.8,217.2,249.6,190.1,158.7,267.3,261.9,267.4,320.4,231.3,206.7,244.5,243.3,245.2,243.9,131.1,218.4,390.0,605.1,565.0,588.7,294.3,299.1,299.9,289.6,160.1,252.9,458.1,745.3,706.0,724.4,2024,1,4,winter
2024-02-02,215.9,216.9,215.0,246.5,182.1,155.7,259.6,260.8,262.5,315.2,220.4,201.4,168.8,219.2,174.1,164.1,54.4,158.8,292.9,499.3,475.4,496.5,204.5,266.1,214.9,195.7,72.6,182.2,340.7,612.2,580.8,588.8,2024,2,5,winter
2024-02-09,219.8,218.4,216.6,255.7,181.9,166.2,269.5,264.1,271.4,335.7,223.6,219.6,230.1,218.8,231.6,228.7,78.5,215.7,392.9,677.9,664.5,685.1,282.8,267.5,288.1,278.2,101.6,250.1,467.5,854.8,863.8,854.9,2024,2,6,winter
2024-02-16,200.7,214.4,184.9,243.3,165.4,148.5,248.8,261.3,235.3,323.5,207.9,198.6,227.4,217.7,233.3,222.3,77.9,214.5,386.0,669.9,644.7,660.5,285.0,266.7,295.7,275.9,103.0,252.7,468.4,867.3,857.3,856.1,2024,2,7,winter
2024-02-23,222.4,214.7,215.3,270.8,186.1,158.2,267.2,261.3,262.5,347.2,224.8,204.9,204.8,207.8,205.8,203.8,72.5,194.1,347.9,582.8,557.9,554.3,260.0,258.1,264.5,256.3,97.9,231.6,427.2,763.1,765.3,708.8,2024,2,8,winter
2024-03-01,233.5,219.1,229.4,278.3,193.6,170.0,283.2,267.2,283.4,362.7,234.9,221.0,234.1,224.1,232.6,235.4,84.6,218.8,399.7,669.3,642.9,652.1,285.9,278.4,287.1,285.0,107.9,252.6,472.6,843.0,830.8,805.7,2024,3,9,spring
2024-03-08,202.0,214.7,203.7,237.4,164.9,143.3,242.5,260.4,247.1,305.2,199.5,184.7,249.4,228.9,251.2,247.9,90.2,235.6,423.9,701.6,679.5,706.7,311.8,285.7,317.2,307.2,116.3,278.8,513.3,907.3,915.8,910.9,2024,3,10,spring
2024-03-15,205.2,215.8,202.9,243.9,169.1,142.7,246.0,259.7,245.7,312.7,204.7,184.7,205.5,223.4,210.3,201.2,73.8,196.4,338.2,596.0,607.9,612.1,253.1,277.7,261.7,245.8,95.7,228.1,404.9,753.2,788.9,767.6,2024,3,11,spring
2024-03-22,206.2,211.7,203.6,241.5,172.5,142.1,247.2,254.7,246.6,309.3,209.2,183.6,212.2,225.3,217.3,207.7,78.4,202.4,348.0,609.4,627.8,625.8,262.5,278.3,271.6,254.6,100.8,236.5,417.6,776.7,832.9,809.1,2024,3,12,spring
2024-03-29,206.7,205.0,207.7,242.0,170.3,144.5,248.2,246.0,251.3,309.6,206.9,187.2,219.5,221.7,224.3,215.3,81.7,208.4,361.4,630.5,640.0,639.9,268.7,274.0,277.3,261.4,103.9,241.7,428.8,793.5,829.3,813.2,2024,3,13,spring
2024-04-05,190.8,202.2,195.1,214.5,154.7,130.6,225.4,241.7,230.6,272.9,185.9,168.9,223.7,215.2,224.6,223.0,79.3,213.2,371.9,649.6,652.7,672.4,274.3,264.6,281.2,268.4,101.7,245.0,442.1,828.2,877.1,866.4,2024,4,14,spring
2024-04-12,205.8,202.4,207.5,230.9,168.6,139.4,240.9,240.4,244.1,293.0,200.2,178.4,212.8,217.1,216.3,209.7,76.0,202.0,352.7,623.1,626.8,627.2,251.9,264.3,259.9,245.0,93.2,223.6,405.9,773.0,809.5,777.7,2024,4,15,spring
2024-04-19,196.4,199.9,199.7,217.8,159.3,130.4,225.9,235.1,230.5,269.8,186.8,164.1,230.1,221.5,239.2,222.1,88.3,216.3,376.4,670.3,661.5,660.1,271.7,266.6,284.0,261.2,104.6,240.3,437.0,824.8,838.2,815.2,2024,4,16,spring
2024-04-26,202.1,198.8,201.4,223.9,168.0,137.1,231.5,231.0,231.0,276.1,196.2,172.0,219.5,221.5,224.2,215.4,84.3,206.2,356.2,646.7,651.9,658.6,256.5,263.6,264.4,249.7,98.7,227.2,409.1,783.5,820.8,815.9,2024,4,17,spring
2024-05-03,214.6,204.7,217.2,245.5,174.0,143.9,246.5,236.2,248.7,302.5,204.3,179.7,230.6,223.2,234.3,227.3,89.2,213.0,377.3,692.6,683.2,670.9,269.4,262.4,277.1,262.9,103.1,235.3,432.9,840.8,869.0,820.1,2024,5,18,spring
2024-05-10,216.7,207.4,218.2,241.0,177.8,156.9,257.1,240.3,263.1,307.9,212.9,200.6,240.7,230.2,247.6,234.6,93.3,224.0,395.0,707.4,694.8,693.4,277.4,268.7,287.2,269.0,107.0,244.0,447.1,845.8,860.8,854.4,2024,5,19,spring
2024-05-17,220.9,213.6,222.5,250.4,179.5,159.1,254.2,247.3,256.0,308.7,210.4,201.0,234.9,231.4,241.5,229.2,95.6,217.5,377.5,695.3,700.9,690.0,280.2,270.9,289.8,272.0,112.9,244.3,446.1,859.8,893.1,853.1,2024,5,20,spring
2024-05-24,200.3,213.1,204.5,225.8,161.2,132.3,226.8,246.1,229.8,273.8,187.2,164.3,243.4,237.4,251.7,236.1,102.1,227.5,389.2,695.3,696.9,688.8,282.5,277.4,294.3,272.5,116.6,249.8,446.9,837.5,877.3,829.4,2024,5,21,spring
2024-05-31,203.4,210.4,204.1,228.7,166.1,137.3,231.6,242.4,231.4,278.7,193.9,170.7,223.9,235.7,229.4,219.0,89.6,208.7,360.2,658.1,670.4,676.4,254.0,273.5,262.4,246.9,101.1,224.1,402.1,775.2,812.2,812.4,2024,5,22,spring
2024-06-07,224.2,212.2,223.5,256.0,181.7,153.2,255.7,242.1,253.7,313.3,212.8,190.9,231.1,233.3,237.4,225.6,92.8,214.6,372.2,681.6,698.6,726.0,266.1,270.7,276.7,257.0,105.6,233.6,421.3,818.2,867.2,864.1,2024,6,23,summer
2024-06-14,212.4,210.1,214.9,242.0,169.0,145.1,240.1,238.6,240.8,291.0,197.4,179.1,243.4,235.5,252.9,235.1,101.2,224.3,390.9,716.7,713.0,716.3,278.8,270.4,291.7,267.8,114.0,243.8,441.3,853.0,867.0,853.8,2024,6,24,summer
2024-06-21,215.9,214.0,220.3,246.5,169.9,143.9,243.2,242.7,245.6,296.9,197.4,177.6,231.9,232.6,237.2,227.3,100.2,212.3,364.5,694.9,703.5,687.6,264.0,265.7,272.3,257.0,111.4,229.3,411.1,819.1,855.9,835.7,2024,6,25,summer
2024-06-28,214.7,216.8,215.9,243.2,172.6,149.9,245.7,246.2,245.5,297.3,203.0,187.0,239.1,236.4,242.9,235.8,103.0,218.2,377.8,715.6,721.0,729.9,272.7,270.4,279.9,266.6,114.8,236.5,425.4,846.6,880.9,887.3,2024,6,26,summer
2024-07-05,217.5,215.1,218.1,241.5,176.3,157.1,251.1,245.0,252.2,297.0,208.4,200.2,243.7,239.5,248.0,239.9,99.6,223.4,394.8,722.8,726.9,730.4,283.2,274.7,291.5,276.3,114.9,245.4,451.6,872.7,905.8,891.0,2024,7,27,summer
2024-07-12,214.4,215.6,215.4,231.2,175.8,152.7,247.2,246.8,248.0,285.2,207.7,194.1,247.9,240.7,252.3,244.0,102.5,224.0,405.2,740.8,725.8,766.1,286.5,276.6,294.1,280.0,118.1,244.8,460.2,888.8,885.0,910.2,2024,7,28,summer
2024-07-19,220.6,216.8,223.0,232.8,182.3,151.6,255.7,249.9,258.0,287.5,217.3,192.0,243.5,243.6,249.7,238.1,101.8,223.4,389.4,724.5,730.2,736.7,281.3,280.9,290.8,273.2,117.1,244.1,444.0,866.9,879.1,874.6,2024,7,29,summer
2024-07-26,228.8,220.3,231.5,244.2,186.6,149.2,264.4,254.6,266.5,302.4,221.7,191.0,259.4,248.6,262.7,256.5,109.3,236.1,416.7,770.9,784.5,796.9,302.7,288.4,309.3,297.0,126.6,260.6,478.8,934.2,968.7,981.2,2024,7,30,summer
2024-08-02,239.0,225.7,248.4,259.9,187.8,161.0,278.4,261.4,290.0,326.3,223.4,207.5,269.1,255.0,270.3,267.9,110.5,242.8,441.3,802.7,809.6,812.9,314.3,296.2,319.3,310.1,127.7,268.5,507.0,974.7,1001.6,999.8,2024,8,31,summer
2024-08-09,242.0,232.6,248.8,260.9,193.2,158.8,279.5,269.5,287.4,324.0,228.4,202.6,279.5,262.9,282.5,276.9,112.3,251.3,462.2,841.9,846.2,873.1,326.7,306.3,332.6,321.7,129.5,278.1,531.8,1019.4,1053.8,1071.1,2024,8,32,summer
2024-08-16,255.1,241.2,260.7,268.8,207.0,173.1,296.6,279.7,302.8,335.2,247.0,220.2,274.4,270.6,275.6,273.4,113.6,244.4,450.9,833.4,835.5,861.7,320.2,316.0,323.6,317.2,130.7,270.0,516.6,1011.4,1041.7,1056.8,2024,8,33,summer
2024-08-23,229.0,241.3,233.2,249.1,183.8,158.0,262.0,279.1,265.8,305.4,215.6,198.9,297.5,280.1,301.3,294.1,128.7,269.3,480.4,870.3,864.6,885.8,347.9,327.3,354.4,342.4,147.3,298.2,554.2,1065.0,1082.6,1092.1,2024,8,34,summer
2024-08-30,225.7,238.0,226.3,247.4,183.2,155.3,258.1,274.0,258.3,303.7,214.6,195.2,274.8,281.6,276.4,273.4,122.6,250.2,433.2,803.5,821.7,829.4,313.3,327.0,317.4,309.9,137.8,270.7,487.1,954.1,998.9,972.1,2024,8,35,summer
2024-09-06,223.2,233.3,220.8,246.6,183.3,157.4,254.5,267.8,251.0,301.4,214.4,196.9,269.4,279.0,272.5,266.7,119.8,245.5,426.2,784.2,795.2,824.5,310.4,323.0,317.0,304.8,135.8,268.4,483.2,943.8,990.6,988.8,2024,9,36,autumn
2024-09-13,225.2,225.8,227.0,251.8,181.9,162.2,258.5,258.3,259.3,309.6,213.8,203.8,254.7,274.1,260.7,249.5,115.5,232.8,401.2,731.6,734.9,735.0,291.4,315.8,300.5,283.7,130.1,253.3,451.7,872.8,908.2,867.7,2024,9,37,autumn
2024-09-20,219.9,223.5,206.3,238.4,174.8,183.7,267.2,259.6,255.3,316.1,219.1,244.0,261.4,265.1,265.9,257.5,122.6,237.9,408.6,745.5,739.2,747.5,302.7,304.5,310.4,296.1,140.2,263.6,465.2,890.1,911.2,908.5,2024,9,38,autumn
2024-09-27,203.9,218.0,197.3,234.4,168.8,146.8,231.9,253.0,222.0,285.3,197.9,182.6,267.7,263.3,279.0,257.8,124.9,245.5,418.6,759.7,725.4,724.2,322.6,306.8,338.8,308.8,149.0,280.0,499.3,954.1,928.7,911.1,2024,9,39,autumn
2024-10-04,232.7,220.4,226.3,276.0,189.8,171.5,268.9,256.6,261.3,342.4,224.2,215.3,267.7,262.9,254.0,247.0,118.0,228.0,392.0,703.4,707.9,722.8,322.6,309.8,292.9,279.5,132.9,248.0,440.0,836.6,875.8,878.6,2024,10,40,autumn
2024-10-11,211.6,217.0,204.3,248.6,175.5,156.0,243.7,252.9,235.2,305.9,207.0,194.7,284.7,270.4,294.5,276.0,136.2,260.6,446.6,783.7,758.6,783.1,327.0,318.7,340.2,315.8,153.2,286.0,507.0,932.7,926.8,962.3,2024,10,41,autumn
2024-10-18,201.8,212.5,195.7,233.3,168.1,148.5,232.3,244.2,224.5,286.0,198.8,186.1,257.6,269.4,265.6,250.5,125.4,234.8,398.3,721.6,702.2,719.5,296.2,317.1,307.4,286.7,140.4,257.8,453.7,861.6,868.0,893.0,2024,10,42,autumn
2024-10-25,199.6,211.4,194.4,235.1,164.8,147.2,229.9,243.7,223.2,288.6,194.6,183.7,250.2,265.0,256.3,244.7,122.7,226.7,384.4,710.1,701.2,708.0,286.3,308.0,295.1,278.9,136.5,248.1,436.2,843.1,862.2,835.1,2024,10,43,autumn
2024-11-01,195.0,202.0,194.3,229.0,159.0,142.9,226.5,233.1,224.5,282.8,189.6,179.0,254.2,261.7,260.5,248.7,124.7,229.5,390.6,729.0,715.7,731.3,289.3,299.7,299.4,280.8,135.8,249.7,442.7,862.9,885.3,868.7,2024,11,44,autumn
2024-11-08,192.2,197.1,192.6,226.5,156.9,136.6,223.9,228.1,223.4,279.9,187.5,172.9,246.1,252.0,253.4,239.6,116.0,224.1,382.3,703.6,703.7,720.2,282.6,288.6,293.3,273.5,130.4,246.1,434.3,834.6,851.7,861.9,2024,11,45,autumn
2024-11-15,195.9,195.7,196.3,236.3,159.4,136.4,229.0,227.3,228.5,292.5,190.7,172.3,233.1,245.9,241.9,225.4,108.8,211.6,361.8,679.0,678.4,683.1,270.1,282.1,282.5,259.6,124.3,234.6,413.4,809.5,828.3,818.6,2024,11,46,autumn
2024-11-22,195.9,194.7,196.3,230.5,160.0,140.0,229.3,227.2,230.2,286.0,191.4,178.2,244.3,244.4,251.0,238.4,114.8,218.2,385.0,716.5,693.8,679.1,281.9,281.0,292.5,273.0,128.6,240.4,440.1,855.8,860.6,818.8,2024,11,47,autumn
2024-11-29,189.1,193.3,188.6,223.7,153.2,136.8,224.7,226.7,225.0,282.0,186.4,176.7,257.5,245.2,264.7,251.1,124.1,233.8,398.0,732.2,732.0,731.0,291.5,281.6,302.1,282.5,134.8,254.1,447.2,860.7,880.9,862.8,2024,11,48,autumn
2024-12-06,199.9,195.2,200.1,237.0,161.7,140.7,236.8,230.0,237.9,297.8,195.7,180.7,251.8,246.7,257.5,246.8,118.0,228.0,392.7,728.8,727.7,726.2,297.5,285.3,307.3,289.2,136.1,258.3,458.5,885.0,916.7,885.2,2024,12,49,winter
2024-12-13,208.8,198.4,206.6,246.7,170.6,146.7,245.9,234.2,244.0,308.2,205.8,188.7,254.1,251.9,260.7,248.3,119.0,228.3,398.1,744.5,731.6,721.7,296.7,291.9,307.3,287.8,136.7,256.5,456.0,891.9,908.0,867.6,2024,12,50,winter
2024-12-20,209.5,201.8,210.4,246.5,169.6,146.0,247.7,238.8,248.6,309.7,205.5,188.3,265.0,257.1,270.8,259.9,127.5,235.2,416.0,775.8,747.0,738.2,308.3,298.5,317.6,300.4,144.4,263.0,478.6,925.4,912.2,881.1,2024,12,51,winter
2024-12-27,233.1,212.8,236.2,270.9,189.5,176.9,289.3,254.9,295.2,360.6,238.7,237.1,287.8,264.7,294.1,282.3,146.2,256.7,443.4,814.8,796.2,795.0,317.9,305.1,327.8,309.4,150.0,272.4,491.1,944.9,947.5,919.6,2024,12,52,winter
2025-01-03,226.6,219.5,234.9,261.8,179.4,169.0,278.4,265.3,293.5,345.8,221.5,229.9,313.7,280.2,321.4,307.0,146.6,285.1,496.9,882.0,860.9,879.4,382.3,326.3,394.3,372.0,175.2,332.5,596.9,1109.3,1113.0,1111.0,2025,1,1,winter
2025-01-10,210.4,219.9,211.1,249.4,170.3,140.2,249.4,266.2,251.3,317.0,205.0,184.1,300.3,291.7,312.0,289.9,91.3,282.0,500.2,974.4,1022.9,1054.1,360.7,342.3,377.0,346.9,110.3,319.3,588.7,1208.2,1283.1,1287.4,2025,1,2,winter
2025-01-17,210.7,220.2,209.4,249.6,170.5,142.1,249.5,266.7,250.1,317.6,204.6,187.7,267.3,292.3,272.4,262.8,80.5,246.1,448.6,892.1,944.9,988.6,312.5,343.3,321.1,305.2,94.0,270.6,514.4,1077.3,1153.7,1207.7,2025,1,3,winter
2025-01-24,204.1,212.9,200.4,246.2,164.9,138.9,242.0,254.8,239.0,313.5,198.6,183.3,275.0,289.1,281.0,269.8,86.4,255.1,459.0,892.5,949.6,1000.1,315.3,342.7,325.6,306.6,96.4,275.3,518.7,1062.2,1157.8,1184.5,2025,1,4,winter
2025-01-31,202.7,207.0,184.7,226.7,163.2,167.4,258.9,250.0,245.8,318.5,212.7,233.2,273.2,278.9,289.7,258.7,79.4,262.9,454.1,871.7,894.1,951.6,349.2,334.4,373.8,328.4,103.8,313.4,569.5,1157.4,1234.3,1276.7,2025,1,5,winter
2025-02-07,202.2,204.9,191.6,249.9,165.7,135.5,240.3,247.7,230.0,317.9,200.3,180.2,250.1,266.4,255.1,245.7,78.8,231.6,417.3,814.1,855.0,928.9,289.7,316.7,298.1,282.5,91.7,252.2,472.0,979.2,1053.0,1128.4,2025,2,6,winter
2025-02-14,214.2,205.8,205.1,262.7,174.5,143.1,255.2,249.1,247.1,335.8,211.0,190.6,270.7,267.3,276.0,266.1,87.2,251.0,451.0,868.0,912.8,1002.5,311.7,316.5,320.6,304.1,99.5,272.2,509.6,1036.7,1109.5,1203.0,2025,2,7,winter
2025-02-21,210.2,207.3,205.5,256.2,170.5,140.2,250.0,251.1,246.0,327.8,205.8,185.0,342.2,284.1,348.2,337.0,120.6,315.3,560.7,1077.2,1174.4,1273.0,388.3,334.7,398.1,380.0,131.0,338.3,627.8,1276.7,1427.2,1521.1,2025,2,8,winter
2025-02-28,215.2,210.4,209.8,259.6,174.9,143.7,257.6,250.8,253.2,335.3,211.9,190.9,281.1,286.0,284.9,277.8,89.0,259.9,475.1,895.2,944.4,1020.2,327.3,329.2,333.8,321.8,102.0,285.3,543.3,1080.5,1167.0,1217.1,2025,2,9,winter
2025-03-07,212.1,212.9,208.9,245.7,173.1,147.1,254.8,254.4,253.2,319.4,210.9,195.7,266.5,290.1,278.8,255.7,88.9,250.7,431.3,851.0,926.6,982.8,310.3,334.4,326.1,296.9,102.6,274.9,494.4,1028.8,1139.3,1178.1,2025,3,10,spring
2025-03-14,195.2,208.2,192.8,227.4,159.4,127.5,230.4,248.2,227.5,289.6,191.9,168.4,250.0,285.0,260.9,240.4,83.2,235.0,405.1,799.1,868.4,956.3,285.0,327.8,299.5,272.7,93.5,252.5,454.5,946.5,1046.3,1113.0,2025,3,11,spring
2025-03-21,199.3,205.4,197.3,233.1,162.8,131.0,234.6,244.4,231.7,296.2,196.0,171.6,280.6,269.6,290.8,271.7,101.6,262.5,448.6,877.6,951.7,1040.6,299.8,305.6,314.2,287.6,100.1,263.6,477.9,998.2,1115.3,1174.4,2025,3,12,spring
2025-03-28,195.5,200.5,199.7,228.7,156.0,126.0,229.7,237.4,233.1,288.9,187.8,164.7,261.9,264.8,270.7,254.2,86.5,243.5,428.3,846.5,913.8,996.3,298.0,298.3,311.5,286.5,96.4,261.4,478.5,1001.7,1114.9,1171.1,2025,3,13,spring
2025-04-04,170.5,190.1,173.4,202.5,134.2,111.4,202.5,224.3,206.2,261.1,162.3,150.1,267.0,264.9,272.8,261.8,87.5,247.7,438.1,863.3,940.6,1043.6,301.9,296.2,313.8,291.7,99.0,263.5,482.9,1022.2,1137.5,1193.2,2025,4,14,spring
2025-04-11,165.5,182.7,170.8,195.5,127.4,108.4,194.5,215.3,200.7,250.5,152.8,145.6,251.2,265.2,260.3,243.2,84.9,231.5,409.0,820.4,885.2,958.2,285.9,296.4,299.2,274.7,95.8,249.5,454.9,969.4,1063.4,1128.7,2025,4,15,spring
2025-04-18,172.9,176.1,178.8,206.9,131.6,114.9,203.0,207.4,210.5,264.2,157.7,153.4,275.7,263.9,283.3,268.9,100.6,253.2,442.3,884.5,955.4,1031.1,305.2,297.7,317.6,294.6,106.7,265.5,483.3,1020.5,1134.3,1183.7,2025,4,16,spring
2025-04-25,170.2,169.8,176.0,206.1,128.2,113.5,198.0,199.5,203.9,260.3,153.9,148.9,278.5,268.1,284.9,272.9,103.0,254.7,445.8,901.3,950.7,1010.4,302.3,298.8,313.6,292.6,104.0,260.8,480.5,1034.1,1121.7,1148.5,2025,4,17,spring
2025-05-02,184.2,173.2,191.0,224.9,139.3,127.5,216.6,203.0,223.2,286.5,168.4,167.5,285.4,272.7,294.6,277.2,99.5,260.5,467.6,927.1,969.6,1050.9,324.1,304.4,337.8,312.5,110.3,280.2,521.8,1091.4,1170.1,1219.0,2025,5,18,spring
2025-05-09,184.4,177.9,191.0,219.0,141.8,133.8,225.1,210.7,234.7,289.8,176.4,180.5,279.5,279.8,291.3,269.1,99.3,255.6,449.0,915.4,1000.8,1074.4,327.8,314.8,343.0,314.9,114.6,282.8,518.6,1112.4,1249.5,1273.3,2025,5,19,spring
2025-05-16,172.5,177.8,179.3,205.8,131.6,118.4,201.9,210.4,206.5,258.5,159.4,154.9,257.4,275.2,266.3,249.5,92.4,233.7,415.1,842.6,921.2,998.5,289.5,310.9,302.1,278.7,101.4,249.2,459.1,981.1,1101.8,1136.5,2025,5,20,spring
2025-05-23,172.5,178.4,181.2,205.6,131.0,113.1,200.6,211.0,206.7,257.5,157.7,148.3,273.2,273.9,283.8,264.0,102.6,249.7,434.0,880.2,963.5,1039.3,288.7,307.5,303.7,275.9,100.7,248.8,456.1,982.6,1109.8,1177.5,2025,5,21,spring
2025-05-30,168.5,174.5,176.4,201.7,127.8,108.8,194.9,205.6,199.6,251.9,153.5,140.8,253.6,265.9,263.8,244.5,88.7,230.3,408.4,842.9,927.2,1044.4,285.1,297.8,300.4,272.1,97.1,245.2,451.4,982.7,1109.3,1219.6,2025,5,22,spring
2025-06-06,198.8,178.1,206.7,234.8,151.1,132.6,232.0,207.3,238.1,297.8,182.6,173.2,286.7,267.7,302.8,272.5,102.6,259.2,463.5,949.1,1013.2,1087.6,322.9,296.5,343.8,305.0,111.5,276.8,513.5,1112.2,1207.7,1268.2,2025,6,23,summer
2025-06-13,175.6,178.9,185.0,207.5,131.7,114.3,202.4,207.5,208.7,256.2,159.0,147.4,254.0,266.9,264.4,245.0,94.1,227.4,403.2,859.3,935.4,995.3,282.8,294.9,297.7,270.1,101.1,240.3,442.2,989.3,1109.4,1125.8,2025,6,24,summer
2025-06-20,184.1,181.8,196.2,222.5,134.0,122.0,212.5,210.5,222.2,274.3,162.0,158.6,284.1,269.6,294.2,275.2,112.6,253.9,446.2,937.4,1011.2,1067.3,302.3,298.3,316.6,290.2,111.5,255.2,473.4,1051.9,1165.5,1184.0,2025,6,25,summer
2025-06-27,176.1,183.7,186.4,216.8,128.4,116.1,204.8,212.9,212.6,269.6,156.3,152.6,266.1,272.7,274.9,258.3,94.7,238.7,429.9,894.3,966.5,1060.5,298.5,301.6,311.9,287.2,102.5,253.3,475.2,1043.5,1151.4,1242.5,2025,6,26,summer
2025-07-04,189.2,181.3,203.1,227.0,137.9,116.4,220.7,210.1,232.5,283.4,167.6,153.3,276.6,270.2,283.8,270.2,96.5,242.7,455.5,950.9,1008.2,1136.8,312.6,299.1,323.4,303.4,106.8,259.3,504.9,1115.1,1201.2,1302.8,2025,7,27,summer
2025-07-11,189.2,184.7,202.6,218.2,140.9,114.3,220.5,214.6,231.8,273.6,170.3,149.9,275.9,275.7,284.4,268.5,99.2,244.9,444.2,940.4,1039.4,1126.4,312.2,306.4,323.8,302.4,109.7,262.4,493.6,1101.3,1245.1,1308.1,2025,7,28,summer
2025-07-18,185.9,185.1,195.5,219.9,141.0,125.7,218.1,216.0,225.5,274.6,171.7,165.6,285.5,276.0,296.3,276.0,113.5,254.0,450.7,938.4,1024.9,1098.8,318.5,310.5,333.6,305.7,121.2,268.4,497.3,1093.2,1222.4,1294.3,2025,7,29,summer
2025-07-25,181.0,186.3,192.8,212.7,135.4,107.7,212.4,217.9,221.0,265.8,166.2,142.3,285.6,280.9,294.1,278.1,100.8,253.4,467.4,964.5,1038.3,1136.6,316.0,314.8,328.5,305.4,105.4,263.3,511.6,1122.3,1248.8,1337.1,2025,7,30,summer
2025-08-01,179.4,183.9,192.3,207.8,131.9,103.5,213.3,216.1,224.4,266.7,163.6,140.0,284.0,282.7,294.6,274.6,91.7,250.7,474.8,978.7,1083.2,1199.4,327.7,318.6,342.0,315.7,104.1,272.8,537.6,1165.3,1330.7,1415.9,2025,8,31,summer
2025-08-08,178.7,181.2,190.7,210.5,131.7,111.4,209.1,213.2,218.9,267.1,159.8,148.1,270.5,281.4,281.4,261.0,93.2,237.8,448.2,922.5,1003.2,1105.3,306.3,317.1,320.8,293.9,103.9,254.6,496.0,1082.2,1204.9,1283.4,2025,8,32,summer
2025-08-15,188.6,181.9,197.1,220.3,142.8,125.1,221.5,214.1,227.2,280.2,174.1,165.1,289.5,282.4,302.7,277.8,108.0,257.3,468.6,957.0,1042.4,1122.0,328.5,319.6,346.1,313.5,119.1,275.2,524.4,1130.3,1261.9,1342.5,2025,8,33,summer
2025-08-22,170.0,179.2,183.2,201.5,123.5,109.0,196.2,210.0,205.7,251.2,148.7,141.0,280.7,281.2,292.4,270.3,108.7,252.4,443.1,919.8,1007.9,1097.1,299.2,315.4,313.8,286.8,109.4,253.0,468.9,1037.1,1169.3,1225.3,2025,8,34,summer
2025-08-29,176.4,178.4,184.9,210.3,131.6,109.5,203.7,207.6,208.3,261.9,158.5,143.1,271.7,278.1,281.5,263.1,102.8,241.9,431.6,909.2,1012.9,1091.3,301.8,308.9,314.5,291.0,110.9,254.2,472.5,1050.5,1188.8,1257.6,2025,8,35,summer
2025-09-05,176.9,178.0,184.2,211.8,133.0,109.4,203.6,206.2,206.6,263.6,159.6,141.9,271.3,278.3,283.8,260.3,108.1,240.3,427.7,896.3,988.0,1092.0,299.3,307.2,314.7,286.1,116.1,251.0,463.8,1028.0,1184.0,1243.0,2025,9,36,autumn
2025-09-12,173.5,174.2,180.8,213.2,129.2,111.6,199.5,200.7,203.2,264.0,154.6,145.0,270.1,273.4,283.3,258.5,110.6,239.3,422.4,887.1,976.2,1050.9,299.3,299.9,316.2,284.9,118.5,251.2,463.2,1022.6,1146.4,1197.2,2025,9,37,autumn
2025-09-19,173.2,175.0,179.4,215.7,129.7,110.8,198.5,201.3,201.0,265.6,154.6,144.7,285.5,274.7,299.2,273.5,121.5,254.3,442.5,919.3,995.8,1055.5,305.3,301.4,322.2,290.9,123.2,257.6,470.2,1031.5,1146.9,1190.6,2025,9,38,autumn
2025-09-26,164.8,172.1,172.1,205.2,123.5,102.8,188.4,197.5,191.2,252.6,146.9,133.4,279.4,276.6,290.3,269.8,114.5,247.3,442.4,909.2,957.3,1022.7,302.3,301.5,316.2,290.5,116.4,252.8,475.9,1033.4,1140.8,1181.8,2025,9,39,autumn
2025-10-03,171.5,170.7,180.6,219.2,125.0,108.9,199.5,196.5,204.0,274.8,151.6,145.0,242.5,269.4,253.7,232.7,94.4,211.4,396.5,800.8,837.0,902.1,271.0,294.5,285.8,258.5,102.1,223.3,437.4,926.7,1012.0,1027.8,2025,10,40,autumn
2025-10-10,163.3,168.2,159.0,195.4,119.7,126.3,202.1,197.1,196.9,264.4,156.2,177.3,271.4,269.7,291.1,254.1,108.5,242.9,431.3,881.0,898.9,951.4,316.9,298.9,340.9,296.5,123.3,266.8,499.2,1076.2,1109.9,1167.0,2025,10,41,autumn
2025-10-17,160.0,164.9,165.8,205.4,118.1,99.8,182.5,193.1,183.1,250.7,141.8,130.9,265.1,264.6,275.7,255.7,117.5,233.5,408.7,851.4,916.4,953.1,286.8,294.3,300.8,275.0,120.9,239.5,440.2,964.0,1068.4,1103.8,2025,10,42,autumn
2025-10-24,162.0,164.2,166.9,205.2,119.1,96.4,184.0,192.0,185.1,252.3,143.7,126.4,283.8,265.7,294.7,274.3,125.4,249.6,439.7,914.3,955.6,1035.5,295.4,292.6,309.2,283.7,120.7,245.3,459.1,1006.9,1092.9,1131.4,2025,10,43,autumn
2025-10-31,162.7,162.0,167.5,199.0,122.6,93.1,186.7,188.8,189.2,246.8,148.9,124.2,279.2,274.9,288.5,271.0,115.9,245.3,443.1,905.9,973.8,1041.1,304.0,300.8,316.8,293.2,120.5,253.7,477.0,1030.1,1129.2,1203.1,2025,10,44,autumn
2025-11-07,159.3,161.0,167.1,199.8,118.3,93.4,185.1,184.6,190.6,248.1,144.6,123.9,271.9,275.0,283.2,261.9,113.8,239.9,428.4,880.4,945.2,991.4,297.2,295.9,311.3,285.2,118.9,249.0,463.7,1005.0,1101.3,1106.4,2025,11,45,autumn
2025-11-14,164.5,162.1,172.4,207.3,123.7,97.6,192.2,187.0,197.7,257.6,151.3,130.1,289.4,281.1,298.1,281.7,123.0,253.4,463.2,922.4,948.5,999.4,317.5,303.5,329.1,307.6,129.8,264.2,500.8,1059.4,1116.0,1130.2,2025,11,46,autumn
2025-11-21,162.0,162.1,168.1,200.2,123.2,90.3,188.6,188.2,191.6,249.5,150.6,121.3,306.1,286.6,315.0,298.3,133.4,273.9,483.1,939.2,974.3,1019.2,320.2,309.7,332.2,309.9,132.0,272.2,499.4,1040.1,1115.4,1113.5,2025,11,47,autumn
